id|timestamp|category|title|content|company|address|link
C#_20250414|20250414|C#|CRD 手機遊戲Unity工程師【歡迎應屆畢業生】|"1. 以 C# 語言搭配 Unity 開發遊戲
2. 維護現有的遊戲並開發新功能

【必備專業條件】
1.熟 C# 語法
(面試包含 C# 測驗，上機考時間約20分鐘)

【加分條件】
1.熟 iOS &amp; Android 者佳
2.會使用 Cocos 跟 JavaScript

★想要更加了解慧邦科技嗎？歡迎到gamesofa careers看看！
https://www.facebook.com/GamesofaCareers/"|神來也麻將_慧邦科技股份有限公司|羅斯福路二段100號10樓|https:////www.104.com.tw/job/8bgsi?jobsource=hotjob_chr
C#_20250414|20250414|C#|程式設計人員|"依中小企業信用保證基金職務出缺情形分發單位

*************************************************************************
1.學歷：國內外大學(含)以上畢業，且已取得學士(含)以上學位(畢業)證書。
2.工作經驗：資訊系統開發經驗2年(含)以上。
3.工作技能：具以下資訊系統開發經驗。
  (1)熟悉Web Form，物件導向程式設計，MS SQL Server資料庫應用及設計。
  (2)熟悉網頁技術：HTML、JS、CSS。
  (3)擅長Microsoft Visual Studio for C#。
  (4)具.NET 6(含)以上開發經驗者。

"|財團法人中小企業信用保證基金|羅斯福路一段6號3-5樓|https:////www.104.com.tw/job/6ryoc?jobsource=hotjob_chr
C#_20250414|20250414|C#|C#工程師|"1、	熟悉[[[C]]][[[#]]]、JavaScript程式開發.
2、	ASP.NET網站應用系統開發.
3、	具備RWD響應式網站設計經驗尤佳.
4、	具備API開發與串接經驗尤佳.
5、	MS SQL資料庫設計與維護
"|聯錸科技股份有限公司|忠孝東路四段285號7樓|https:////www.104.com.tw/job/7tf91?jobsource=n104bank2
C#_20250310|20250310|C#|.Net C# Web|"體驗。
•	完成主管交付的任務，展現你的專業能力。

徵才條件
•	具備.Net [[[C]]][[[#]]]全端開發經驗，能整合後端與前端技術。
•	熟悉.NET Framework及.NET Core，具有扎實的開發能力。
•	掌握JavaScript、JQuery、"|百商數位科技股份有限公司|敦化南路二段105號18樓|https:////www.104.com.tw/job/4q1dl?jobsource=n104bank2
C#_20250408|20250408|C#|C# .NET工程師|"公司內部相關程式開發、應用、維護與委外廠商溝通合作。
1. ASP.NET [[[C]]][[[#]]]應用系統程式開發設計
2.電子商務官網維運與功能開發
3.與委外廠商溝通合作"|阿瘦實業股份有限公司|松江路168號6樓|https:////www.104.com.tw/job/8l577?jobsource=n104bank2
C#_20250408|20250408|C#|C#、ASP.NET、VUE 3工程師|"１、２年以上[[[C]]][[[#]]]、ASP.NET core(.net8) WEB開發經驗（無實際[[[C]]][[[#]]]開發經驗者，請勿主動應徵）。
２、Vue  3 年以上開發經驗（無實際Vue  開發經驗者，請勿主動應徵）。
３、「必要條件」：熟[[[C]]][[[#]]]、ASP.NET core("|仁維軟體科技有限公司||https:////www.104.com.tw/job/8kgi6?jobsource=n104bank2
C#_20250409|20250409|C#|.Net(C#) Web工程師|"Title :  .Net([[[C]]][[[#]]]) Web工程師

公司簡介

一個專業數位開發平台。
目前正在尋找前端工程師，來一起建立正在快速增長的新經濟產業平台。 

職責範圍 

利用廣泛的尖端技術打造出色的產品，控制軟體開發進度，確保"|恒吉佳國際有限公司|南京東路四段51號9樓|https:////www.104.com.tw/job/7r3dv?jobsource=n104bank2
C#_20250205|20250205|C#|C#軟體開發工程師|"【你會接觸到的工作內容】
・維護公司現有系統及新功能開發 
・使用 [[[C]]][[[#]]] WinForm、ASP.NET、MVC 進行後端程式開發 
・開發 WebAPI
・參與成為敏捷開發團隊的一員，並能對使用者介面和開發提出指導和意見 
・紀錄工作內容和針對"|櫻特森系統整合股份有限公司|東興路|https:////www.104.com.tw/job/643ks?jobsource=n104bank2
C#_20250410|20250410|C#|C#軟體工程師|"【工作內容】
1. 針對現有專案或新專案的網站服務，進行前後台規劃、設計、開發及維護等。
2. 與PM共同合作，共同完成專案開發與驗收報告。
3. 開發過程中須確保專案的執行符合既定的時間與品質標準。
4. 解決專案過程中出現的技術問題，並確保軟體的功能和效能符合需求。
5. 持續學習和掌握新技術和工具，以提高開發能力和知識水平。
6.完成其他主管交辦事項。

【技術運用】
1. ASP.NET MVC 網站開發
2. ASP.NET Web API 開發
3. MSSQL 資料庫設計與調整
4. 一般後台程式開發
5. Git 版本控制使用"|諾亞克科技股份有限公司|仁愛路四段1號2樓|https:////www.104.com.tw/job/78z1q?jobsource=n104bank2
C#_20250324|20250324|C#|RD21648 軟體開發工程師(C#、Windows Forms App)|"1. 使用WPF、Entity Framework 等相關技術進行開發
2. 負責醫療資訊軟體系統開發與維護"|華碩電腦股份有限公司||https:////www.104.com.tw/job/8irx5?jobsource=n104bank2
C#_20250411|20250411|C#|資深C# .NET程式設計師|"1.	熟 ASP.net、[[[C]]][[[#]]] .Net Core MVC；負責Web 系統程式開發工作
2.	熟 .Net Core 6、.Net Core 8以上
3.	熟 Visual Studio 2019 以上
4.	有五年以上中大型以上Web 系統專"|天晴資訊有限公司||https:////www.104.com.tw/job/7v2w0?jobsource=n104bank2
C#_20250312|20250312|C#|C#.Net軟體工程師|"金融業或電信業或政府系統維護與新增功能開發(需駐點)
需熟悉[[[C]]][[[#]]].Net, MSSQL或Oracle等相關技能
JavaScript, JQuery, Ajax等前台技術"|指南動力有限公司||https:////www.104.com.tw/job/51b19?jobsource=n104bank2
C#_20250414|20250414|C#|【諮詢服務】資深 .NET/C# 後端開發人員|"職位摘要：作為一名資深 .NET/[[[C]]][[[#]]] 後端開發人員，你將有機會開發和維護各種應用程式，並使用最新的技術和方法。你將與專案經理、UI/UX 設計師、移動應用開發人員和品質保證團隊密切合作，為各行業的客戶交付專案。

主要職責：
- 使用 .NET"|安永聯合會計師事務所|基隆路一段333號9樓(110)|https:////www.104.com.tw/job/82dk1?jobsource=n104bank2
C#_20241203|20241203|C#|.Net C#軟體工程師(台北)|"1. 負責電子支付、網路交易及其他銀行專案開發，主要客戶為國內銀行
2. 負責銀行專案系統建置及已上線系統維護
3. 主要工作程式開發、系統測試驗證及系統技術文件撰寫
4. 中期工作：配合產品研發及開發

&lt;團隊現況&gt;
我們擁抱新知且樂於分享。
我們使用Scrum作為團隊開發模式，搭配Jira/TFS/Jenkins，逐步實現CI/CD。
我們使用Confluence建立知識庫並隨時分享新知。
我們透過Teams/Jira/Confluence與夥伴們進行協同作業。
我們使用.NET MVC作為系統開發框架，前端搭配JQuery/HTML/CSS等技術建構RWD頁面服務；
後端使用IoC/DI設計模式，提供WebAPI服務，並搭配ORM框架進行資料庫資料處理。
我們重視資訊安全與系統穩定，並熱衷於效能調校。
我們持續於Payment Gateway領域進行耕耘，我們持續研究、並導入各式新種支付於市場上。
我們隨時歡迎您的加入，與我們一起學習成長、一起創造各種新的可能!

【※歡迎緯育TibaMe學員投遞履歷】"|經貿聯網科技股份有限公司||https:////www.104.com.tw/job/6f69s?jobsource=n104bank2
C#_20250414|20250414|C#|C#高級開發工程師|"1、根據公司安排，按時完成指定軟體模組的設計、開發、測試等過程。
2、解決工程中的關鍵問題和技術難題。"|漢聯海運承攬運送有限公司|基隆路|https:////www.104.com.tw/job/7yjfv?jobsource=n104bank2
C#_20250409|20250409|C#|全端 （Vue + .Net(C#) Web)工程師|"Title :  全端 （Vue + [[[C]]][[[#]]])工程師

公司簡介:
一個專業數位開發平台。
目前正在尋找全端工程師，來一起建立正在快速增長的新經濟產業平台。 


職責範圍:
利用廣泛的尖端技術打造出色的產品，控制軟體開發進度，確保"|恒吉佳國際有限公司|南京東路四段51號9樓|https:////www.104.com.tw/job/8mad9?jobsource=n104bank2
C#_20250329|20250329|C#|【凱基證券/資訊部】C#全端程式設計師|"1. 風險管理後台系統需求開發與維護
2. 配合系統開發多來源資料轉檔功能
3. 報表程式開發，產出檔案供其他系統使用
4. 資料異常問題排除並回覆顧客需求
5. 資料庫資料處理，理解現有SQL指令並依需求調整
6. 日常作業執行及確認，定期執行資料庫資料整理"|凱基證券股份有限公司|明水路|https:////www.104.com.tw/job/87rsh?jobsource=n104bank2
C#_20250407|20250407|C#|ASP.NET C#工程師|"1. 具備ASP.NET [[[C]]][[[#]]]程式語言開發能力，維護開發 WinForm、WebForm
2. 具HTML、CSS、JavaScript 以及 AJAX 等基本前端開發技術及IIS部屬
3. 需熟悉MS SQL語法運用
4. 具備Git版本控管與"|寰宇家庭股份有限公司|八德路三段32號9樓|https:////www.104.com.tw/job/88s8x?jobsource=n104bank2
C#_20250414|20250414|C#|【視訊面試】.Net工程師_.Net-c# MVC架構|"技術：[[[c]]][[[#]]] MVC架構
錢包系統改版、客戶重視演算法思維、物件導向概念

職責
1. 設計與開發微服務架構後端系統。
2. 使用訊息佇列（如 Kafka、RabbitMQ）實現非同步服務通信。
3. 優化系統性能，解決瓶頸問題。
4. 撰寫單元與"|宏益科技服務股份有限公司||https:////www.104.com.tw/job/8md67?jobsource=n104bank2
C#_20250411|20250411|C#|C#程式設計(專案約聘)|"
 工作內容：
- Unity3D 程式設計
- .Net程式設計(使用[[[C]]][[[#]]])
- 與其他人員溝通討論規格或修改


 必要條件：	
- 應屆相關科系畢業生可
- 熟悉 Unity 3D 各項基本操作功能 
- 熟悉 Office、Google"|玩猴遊戲股份有限公司|基隆路一段8號15樓之1|https:////www.104.com.tw/job/83354?jobsource=n104bank2
C#_20250407|20250407|C#|智慧醫療專案.NET C#研發工程師|"1.熟悉[[[C]]][[[#]]]
2.與業務、團隊商討專案範圍、進行系統分析設計，並獲得關於專案的限制、性能需求和介面等的訊息
3.分析客戶需要和軟體需求，考量時間及成本的限制條件，以評估計劃的可行性
4.與客戶商討軟體系統的優化設計和修改維護
5.完成主管交代事項"|慧德科技股份有限公司|建國北路一段148號六樓|https:////www.104.com.tw/job/5jz5b?jobsource=n104bank2
C#_20250404|20250404|C#|MVC 程式設計師 ASP.NET or C#( 台北)|"1.  需熟悉[[[C]]][[[#]]].Net or MVC 4以上相關開發工具
2.  需實際運用前述技術開發經驗
3.  維護MVC專案
4.  開發Server-Side Web API

系統架構係使用前後端相關技術：
前端：HTML5 + CSS3 +"|桓基科技股份有限公司|民權西路 27 號 2F-1|https:////www.104.com.tw/job/6ktt8?jobsource=n104bank2
C#_20250408|20250408|C#|軟體設計/網頁設計工程師 (台北)|"【技能需求】
1. 具C#、ASP.NET程式開發經驗
2. 熟悉 ASP.NET MVC、.Net Core 框架
3. 熟悉 SQL語法
4. 前後端HTTP API介接整合經驗
5. 具備版本控制概念
6. 具備restful、websocket佳

【工作內容】
1. 負責既有產品的程式維護、優化、除錯與測試
2. 參與新產品需求分析、完成功能設計和開發工作
3. 技術支援相關工作
4. 其他上級主管指派任務

【注意事項】
註: 上班地點於台北縣市調動
"|商合行股份有限公司|松江路220號4樓之2|https:////www.104.com.tw/job/7c0hi?jobsource=hotjob_chr
C#_20250408|20250408|C#|C#軟體工程師|"您好，我們正在尋找具備專業技術與實戰經驗的[[[C]]][[[#]]]軟體工程師，將負責自助服務系統的設計與開發，共同解決軟硬體整合的技術挑戰。

*德安資訊開發自有產品(非派駐類工作)，開發方式採前後端分離。

《 職務內容 》 
系統軟體開發與維護：
 ＞ 負責設計"|德安資訊股份有限公司|林森北路372號2樓|https:////www.104.com.tw/job/8l36v?jobsource=n104bank2
C#_20250311|20250311|C#|【凱基證券/資訊部】C#、ASP.net、vue.js前端工程師|"1. 前端網頁程式開發與維護
2. 專案需求訪談、分析、設計"|"凱基金融控股股份有限公司|凱基證券|凱基銀行|中華開發資本|凱基投信"|忠孝西路|https:////www.104.com.tw/job/7vkds?jobsource=n104bank2
C#_20250414|20250414|C#|SSD1 - Software Engineer, C#/ 軟體工程師, C#|"About us:	
VICI Holdings’ trading team is seeking a software engineer focusing on [[[C]]][[[#]]] development to join our dynamic team,"|威旭資訊股份有限公司|忠孝東路一段112號10樓|https:////www.104.com.tw/job/8ccxw?jobsource=n104bank2
C#_20250402|20250402|C#|Pubu 電子書 C# .NET軟體工程師|"後端 [[[C]]][[[#]]] .NET 技術人員招聘

-- 公司簡介
我們是 Pubu 電子書，成立於 2010 年，源自 Publish Urs (yours) 的理念。由一群充滿夢想的年輕團隊精心打造，我們致力於提供一個獨一無二的電子書平台。Pubu 旨在創"|湛天創新科技股份有限公司|羅斯福路三段37號13樓|https:////www.104.com.tw/job/8b6r2?jobsource=n104bank2
C#_20250414|20250414|C#|C#工程師 (資訊暨技術支援部)|"1.自動化報表工具維護與修改(原為Python撰寫，初期先維護讓使用者可正常使用，後期將改成用[[[C]]][[[#]]]翻寫所有功能)
2.讀寫Google sheet表單
3.確保系統穩定運行並持續改進使用者介面與體驗"|東森電視事業股份有限公司||https:////www.104.com.tw/job/8hmkg?jobsource=n104bank2
C#_20250330|20250330|C#|軟體工程師(C#)_台北|"1. 須熟悉[[[C]]][[[#]]]/webform/winform/git
2. 熟悉Linux操作
3. 有自學能力，積極學習新事物"|數美科技股份有限公司|峨眉街115號3樓之1|https:////www.104.com.tw/job/8nere?jobsource=n104bank2
C#_20250414|20250414|C#|Asp.net C# Senior全端工程師 - 固定薪外享專案分紅|"維護。
7. 相關技術文件撰寫與教育訓練。

【職務需求】
1. 具備3年以上實務開發經驗。
2. 具備3年以上[[[C]]][[[#]]]開發經驗。
3. 具備3年以上前端開發經驗，熟Vue.js為佳。
4. 熟悉SSMS操作。
5. 熟悉GitHub操作。
6. 具備"|威信資訊工程有限公司|林森北路472號B1|https:////www.104.com.tw/job/7ulwf?jobsource=n104bank2
C#_20250311|20250311|C#|【凱基證券/資訊部】C#全端程式設計師|"1. 風險管理後台系統需求開發與維護
2. 配合系統開發多來源資料轉檔功能
3. 報表程式開發，產出檔案供其他系統使用
4. 資料異常問題排除並回覆顧客需求
5. 資料庫資料處理，理解現有SQL指令並依需求調整
6. 日常作業執行及確認，定期執行資料庫資料整理"|"凱基金融控股股份有限公司|凱基證券|凱基銀行|中華開發資本|凱基投信"|明水路|https:////www.104.com.tw/job/8295j?jobsource=n104bank2
C#_20250414|20250414|C#|Software Engineer_C#/C++|" framework.) 
•Design, build, and maintain efficient, reusable, and reliable [[[C]]][[[#]]]/C++ code. 
•Troubleshoot hardware diagnostic"|久勁科技有限公司||https:////www.104.com.tw/job/76byx?jobsource=n104bank2
C#_20250414|20250414|C#|ASP.NET C# 資深程式設計師|"業、大型服務業。
若您相信軟體能創造未來也喜歡堅持誠信、尊重專業、團隊合作的工作環境，誠摯的歡迎您加入我們！

【工作內容】
大型資訊系統設計與開發。

 【職位條件】
1. 主要開發語言為[[[C]]][[[#]]] (ASP.Net Core MVC、前後端分離架構)"|皓展資訊股份有限公司|復興北路1號3樓之4|https:////www.104.com.tw/job/7h7vu?jobsource=n104bank2
C#_20250409|20250409|C#|C# / WPF 應用開發工程師|"工作內容：
* 負責使用 [[[C]]][[[#]]] 和 WPF 框架開發桌面應用程式。
* 參與設計、開發和維護高品質的使用者介面（UI）和互動功能。
* 使用 HTML、JavaScript 和 CSS 開發和優化前端功能，確保桌面應用與網頁端系統的相容性和一致性"|香港商串串創意有限公司台灣分公司|南京東路四段2號 （Taiwan Tech Arena)|https:////www.104.com.tw/job/8kexh?jobsource=n104bank2
C#_20250329|20250329|C#|【凱基證券/資訊部】C#、ASP.net、vue.js前端工程師|"1. 前端網頁程式開發與維護
2. 專案需求訪談、分析、設計"|凱基證券股份有限公司|忠孝西路|https:////www.104.com.tw/job/7ggzx?jobsource=n104bank2
C#_20250414|20250414|C#|Asp.net C# Junior全端工程師 - 固定薪外享專案分紅|"維護。
7. 相關技術文件撰寫與教育訓練。

【職務需求】
1. 基礎[[[C]]][[[#]]]技能。
2. 基礎Html/CSS/Javascript/JQuery技能。
3. 基礎SSMS操作技能。
4. 基礎GitHub技能。

【其他加分項】
1. 美工能力與美"|威信資訊工程有限公司|林森北路472號B1|https:////www.104.com.tw/job/7ukve?jobsource=n104bank2
C#_20250409|20250409|C#|C#資深軟體研發工程師|"1.熟悉[[[C]]][[[#]]], ASP.NET MVC等web端的程式開發。
2.產品平台網站系統程式開發維護。
3.軟體產品研發/技術管理與軟體專案管理。
4.能協助產品經理進行程式開發相關管理工作並提出建設性建議。
5.具團隊開發與團隊合作經驗
"|住通科技股份有限公司|長安西路342號八樓之1|https:////www.104.com.tw/job/78efq?jobsource=n104bank2
C#_20250327|20250327|C#|.NET C# 開發人員【週休二日，台北車站旁，福利佳】|"【工作內容】
1. 平台系統各項功能設計開發
2. 後端API設計開發
3. 後台系統設計開發
4. 規格文件進行開發，需與前端工程人員配合 

【工作條件】
1. 需有2-4年經驗以上[[[C]]][[[#]]]開發相關實務經驗
2. 會使用"|拓樸龍科技股份有限公司|忠孝西路一段72號2F (817室）|https:////www.104.com.tw/job/7bb4m?jobsource=n104bank2
C#_20250408|20250408|C#|Senior C#.Net Software Programmer：資深C#.Net軟體工程師|"《關於我們》
我們是一間專注於創新與技術的公司，致力於提升客戶的競爭力。我們鼓勵團隊成員發揮創意，並追求技術的極致。我們的客戶主要以電信及金融銀行為主，是[[[C]]][[[#]]]軟體工程師累積實力的絕佳平台，也是可以在短時間內快速培養軟/硬實力的溫暖大家庭！

《團"|HUNG YANG SOFTWARE TECH. CO., LTD._鴻揚科技有限公司|忠孝東路六段21號6樓|https:////www.104.com.tw/job/619jc?jobsource=n104bank2
C#_20250411|20250411|C#|C#軟體工程師_知名日商軟體系統（工作地：台北）|"【職務內容】
1. 針對需求方之軟體系統（實體零售商店使用），主要使用[[[C]]][[[#]]]進行程式開發，利用關聯式資料庫進行數據管理及存取、界接其他功能
2. 與系統分析師及測試團隊共同合作進行功能開發升級、維護，確保系統符合需求且達到品質標準
3. 工作地點位"|智滙科技股份有限公司||https:////www.104.com.tw/job/8ll68?jobsource=n104bank2
C#_20250227|20250227|C#|C# .NET工程師（資深）|"1. 設計、開發及維護內、外部Web資訊系統，主要技術為 [[[C]]][[[#]]]、.NET 6 及 MSSQL。
2. 作為旅遊系統廠商的溝通窗口，負責需求彙整、反饋與系統優化，確保穩定運行。
3. 負責系統維運，包括問題診斷、故障排除及效能優化。

"|台鋼燦星國際旅行社股份有限公司|民生東路二段161號7樓|https:////www.104.com.tw/job/8mgs6?jobsource=n104bank2
C#_20250331|20250331|C#|C# 資深工程師|"
2 年以上 ASP.NET Core 開發經驗
熟悉 [[[C]]][[[#]]], SQL, JavaScript
對程式碼整潔有自我要求
對程式開發及軟體工程具有熱情，願意嘗試新技術及架構

【加分項】
相關作品呈現
相關技術使用經驗：TypeScript, Vue3"|灼見科技股份有限公司|中山北路3段30號4樓之1|https:////www.104.com.tw/job/8d7fj?jobsource=n104bank2
C#_20250319|20250319|C#|【凱基證券/資訊部】C#程式設計師|"1. 帳務中台開發及維運
2. 官方LINE服務串接及維運 
3. 參與數位轉型及業務整合專案"|"凱基金融控股股份有限公司|凱基證券|凱基銀行|中華開發資本|凱基投信"|忠孝西路|https:////www.104.com.tw/job/7z8kr?jobsource=n104bank2
C#_20250414|20250414|C#|C#.NET程式設計師|"- 熟悉[[[C]]][[[#]]].NET (.NET Framework 2.0以上)。
- 熟悉Web(JavaScript、jQuery、AJAX)應用程式撰寫實務經驗1年以上。
- 熟悉使用Visual Studio IDE開發環境。
- 具有MVC架構、物件"|緯德科技股份有限公司 (TechLink Corporation)|敦化北路207號8F-13|https:////www.104.com.tw/job/5e1gq?jobsource=n104bank2
C#_20250311|20250311|C#|【凱基證券/資訊部】C#.Net 軟體開發工程師|"1. 負責系統程式開發測試、系統維運
2. 相關專案執行
3. 提供使用者技術支援"|"凱基金融控股股份有限公司|凱基證券|凱基銀行|中華開發資本|凱基投信"|忠孝西路|https:////www.104.com.tw/job/8i16w?jobsource=n104bank2
C#_20250414|20250414|C#|C#系統開發工程師(期貨資訊部)_I00017378|"1. 配合業務發展需要進行前後端設計並產出各種功能服務樣版
2. 以使用者為中心，開發介面、邏輯功能等設計
3. 配合團隊其他開發人員、測試人員，完成產品設計和發佈
4. 執行專案計畫各項工作，確保工作品質符合專案需求，依既定目標與時程完成產出
5. 熟悉 .Net前後端程式開發等相關技術"|國泰綜合證券股份有限公司||https:////www.104.com.tw/job/8ci0a?jobsource=n104bank2
C#_20250414|20250414|C#|D4000 運輸系統高級工程師(C#)【台北】|"1.系統開發流程優化，並協助工程師們解決各項難題。
2.研究最新技術，並協助部內將最新技術導入WMS中。
3.引導並釐清富昇物流資訊需求、並進行系統分析與系統設計。
4.協助處理富昇物流各類資訊問題。
5.管理專案進度，管理外單位協作項目，確保專案順利進行。
6.完成主管交辦事項


※ 歡迎具工作熱忱與自我管理能力，不排斥新技術、新語言及新設備接觸並對運輸及倉儲自動化設備有興趣者加入!"|富邦媒體科技股份有限公司(富邦momo)|洲子街96號4樓|https:////www.104.com.tw/job/8bdfe?jobsource=n104bank2
C#_20250408|20250408|C#|Asp.Net ,C# 程式設計師|"1.建置與開發網站前後台
2.資料庫建置與規劃
3.程式開發與維護
4.熟悉.net([[[C]]][[[#]]]、VB) [[[C]]][[[#]]]尤佳，及MS SQL
5.熟悉Ajax、Java Script、CSS等相關網頁開發技術
6.熟MVC開發架構佳
7.具備三層式架"|德義資訊股份有限公司|承德路一段70-1號15樓|https:////www.104.com.tw/job/3l5jx?jobsource=n104bank2
C#_20250414|20250414|C#|物流技術部-C#工程師|"1. 倉庫相關管理系統開發及維護。
2. 倉庫現場系統問題維運及處理。
3. 系統開發文件產出"|PChome Online_網路家庭國際資訊(股)公司|敦化南路二段105號|https:////www.104.com.tw/job/7tawh?jobsource=n104bank2
C#_20250407|20250407|C#|DQ  數位發展部-後端工程師(C#, .NET Core, .NET Framework)(台北)|"【職務內容】
我們正在尋找對於網站技術領域充滿熱情的工程師，歡迎您成為團隊一份子！
崗位職責:與設計團隊共同合作開發中大型網站系統。網站 / 系統功能模組研究開發與維護。

【工作要求】
1.熟悉[[[C]]][[[#]]], ASP.NET Web, MVC/Core"|智冠科技股份有限公司|南港路二段99-10號|https:////www.104.com.tw/job/7jyw4?jobsource=n104bank2
C#_20250408|20250408|C#|〔資訊實習〕系統開發/QA實習生 (C#/.NET)|"案編寫。
2.撰寫UT程式碼、協助程式驗證，導入UT自動化測試。
3. 系統績效報表與管理性報表開發。
4. [[[C]]][[[#]]]程式開發，ASP.NET網頁開發。

【資格條件】 
1. 即將升大四、碩二的在學學生（將於2026年6月畢業）
2. 每週至少安排"|台新金控_台新國際商業銀行股份有限公司|舊宗路二段207號|https:////www.104.com.tw/job/6g0mq?jobsource=n104bank2
C#_20250409|20250409|C#|C#後端工程師|"我們是一支熱愛技術、勇於挑戰的團隊，致力於打造高效穩定的系統，支援前端需求並與客戶端協作。我們正在尋找 Backend Engineer，無論經驗多寡，只要願意學習成長，都歡迎加入！

工作內容
1️⃣ 使用 [[[C]]][[[#]]] 進行後端開發及日常維護
2️⃣"|宇鴻系統科技股份有限公司|中山北路2段99號4F-1|https:////www.104.com.tw/job/8nc6g?jobsource=n104bank2
C#_20250409|20250409|C#|【數位金融】數位平台–軟體開發工程師C# Engineer(數數發中心，DDT)_I00006061|"【職務說明】
1. 負責數位金融網站(網銀/智能投資/官網…等)相關功能開發、測試、 驗證、維護及優化，以確保服務或需求如期如質交付。
2. 使用 [[[C]]][[[#]]](.Net Core)、MS SQL 設計與開發網站服務，包含Web介面、後端API、批次…等"|國泰世華商業銀行股份有限公司||https:////www.104.com.tw/job/87kh1?jobsource=n104bank2
C#_20250408|20250408|C#|C#前端工程師|"問題的方案。
 
身為[[[Ｃ]]][[[#]]]前端工程師，你將優化我們的基礎架構，對我們的產品有透徹的了解，確保應用程式正常運作。

【工作內容】
1. 跟團隊討論規格與技術可行的實作方式 
2. 撰寫/修改供公司內部使用的Windows桌面應用程式 
3. 透過討論"|諾思資訊股份有限公司|南京東路6段372號|https:////www.104.com.tw/job/7usj3?jobsource=n104bank2
C#_20250414|20250414|C#|C#後端工程師|"1.使用[[[C]]][[[#]]] 以及 .NET Core 進行應用程式的設計、開發、測試。
2.編寫開發設計文件、編寫單元測試代碼。
3.具主導專案之經驗，進行業務需求溝通，完成產品構思和設計。
4.開發系統問題排除與操作諮詢。"|昇恒昌股份有限公司|新湖二路289號|https:////www.104.com.tw/job/7x271?jobsource=n104bank2
C#_20250414|20250414|C#|C#程式設計師【資訊處】|"一、系統開發維護
　 • 網頁系統開發
　 • 報表/排程開發
　 • API串接
二、RPA系統開發維護
　 • Uipath 維護開發
三、其他
　 • 新技術研究
　 • 主管交辦工作事項"|邁達特數位股份有限公司|內湖路一段516號10樓|https:////www.104.com.tw/job/3ypev?jobsource=n104bank2
C#_20250205|20250205|C#|Junior C#軟體工程師_創新 Team|"github(或其他）
3. 熟悉[[[C]]][[[#]]]，SQL（資料庫大同小異，不苛求junior，任意一種資料庫熟悉就好）
4. 能夠獨立架設本機開發環境
5. 知道Clean Code，並願意執行
6. 知道api的運作方式並撰寫過
7. 會使用Copilot或其他能加"|櫻特森系統整合股份有限公司|東興街63號10樓-1室|https:////www.104.com.tw/job/6i4of?jobsource=n104bank2
C#_20250413|20250413|C#|I :  C# .NET (俱備MVC經驗)|"的修改

5.維護：維護期在公司進行程式的維護

資格

1.俱1到3年熟.NET MVC 5以上([[[C]]][[[#]]])或熟WebForm開發經驗

2.三年以上系統軟體開發經驗

3.熟.MVC技術或熟WebForm架構者

4.有.NET,[[[C]]][[[#]]]程式設計相關證"|智璟科技股份有限公司|MVC法務部(駐點貴陽街)|https:////www.104.com.tw/job/8ixsl?jobsource=n104bank2
C#_20250208|20250208|C#|投信應用系統軟體開發工程師(C#)|"1.負責基金帳務、股務或投資管理相關系統之系統分析、開發、維護等工作
2.系統文件製作及主管交辦事項 
3.跨部門溝通協調，協助使用者排除系統問題
"|永豐證券投資信託股份有限公司|博愛路17號14樓|https:////www.104.com.tw/job/5ry3y?jobsource=n104bank2
C#_20250407|20250407|C#|.NET軟體程式設計師 Programmer (C# dotnet)|"多層結構, 設計模式和開發流程
- 具至少 1 年或以上的 .net 平台開發經驗

其他條件 / #加分項目
- [[[C]]][[[#]]] ASP.net (.net core 和 .net framework), MSSQL, RESTful API, 版本控制("|欒軒管理顧問有限公司|民生東路三段156號8樓之1|https:////www.104.com.tw/job/7tddf?jobsource=n104bank2
C#_20250411|20250411|C#|CI1101 .Net C# 軟體工程師 Software Engineer|"化前端網頁設計與開發

使用工具：
ASP.NET、ASP.NET MVC、[[[C]]][[[#]]]、MS SQL、HTML、JavaScript、jQuery、vue.js
工作待遇說明:
核薪視個人資歷、學經歷條件、專業能力及績效實證而定, 薪資範圍為完全符合本公"|建騰創達科技股份有限公司|堤頂大道二段407巷20弄1號7樓|https:////www.104.com.tw/job/59ljh?jobsource=n104bank2
C#_20250414|20250414|C#|ASP.NET C# 軟體工程師|"1. 負責既有 WMS and WCS 系統 (.NET Webform and MVC， Web-based application) 的 
    維護修改 ，具備  .NET Webform框架撰寫實務經驗1年以上。
2. 規劃軟體新架構 (.NET Core MVC )及模組之設計，協助研發軟體新技術與新工具，並控管 
    軟體設計進度。  
3. 具有獨力開發能力、積極進取、負責、團隊合作。 
"|浩登智能科技股份有限公司|瑞光路335號3樓|https:////www.104.com.tw/job/74ujo?jobsource=n104bank2
C#_20250329|20250329|C#|【凱基證券/資訊部】C#.Net 軟體開發工程師|"1. 負責系統程式開發測試、系統維運
2. 相關專案執行
3. 提供使用者技術支援"|凱基證券股份有限公司|忠孝西路|https:////www.104.com.tw/job/8i173?jobsource=n104bank2
Python_20250414|20250414|Python|【北士科】Full Stack Developer, AI LegalTech Platform (Python/PHP) AI法律科技平台全端工程師 (月薪7-10萬)|"*Job Overview
We’re building a smart LegalTech platform combining AI with legal knowledge management. The position entails end-to-end development, encompassing front-end UX design and back-end AI integration, aimed at enhancing user efficiency in managing legal documents and workflows.

*Responsibilities
1) Build and maintain frontend and backend platform features.
2) Develop intuitive and user-friendly interfaces.
3) Integrate data and AI models into document workflows.
4) Work closely with AI teams.
5) Troubleshoot across the stack and iterate quickly.

*Requirements
1) Proficient in Python or PHP, with front-end experience (React/Vue/HTML/CSS).
2) Familiarity with full-stack frameworks like Laravel or Django.
3) Experience with API and database design.
4) Comfortable with version control, Docker, and basic DevOps concepts.
5) Strong problem-solving ability and team collaboration skills.

*Nice to Have
1) Experience with Next.js or related UI frameworks.
2) Experience with legal document processing or NLP projects.
3) Familiarity with cloud deployment and security concerns.
4) Familiarity with Agentic AI, AI agents, n8n, crewAI, prompting, tool use, or related NLP/LLM/RAG/machine learning technologies.
5) Experience in data annotation or data labeling for AI model training.

【職位概述】
我們正在打造一套智慧法律平台，融合AI與法律知識管理。此職位將參與從前端使用者體驗設計，到後端AI系統整合的全端開發，幫助使用者更有效率地處理法律相關文件與事務。

【主要職責】
1) 負責設計與開發前後端系統，實現AI輔助的法律服務平台。
2) 前端開發（React/Vue）與後端 API 開發（Python/PHP）。
3) 開發使用者介面與互動流程，提升使用者體驗（UX/UI）。
4) 協助資料流程串接、模型呼叫、文件處理流程整合。
5) 協同設計、AI 團隊合作，快速交付可用功能。

【必要條件】
1) 熟悉 Python 或 PHP，並具備前端開發經驗（React/Vue/HTML/CSS）。
2) 熟悉全端框架如 Laravel、Django、或 Flask。
3) 具備 RESTful API 與資料庫設計經驗（SQL/NoSQL）。
4) 熟悉 Git、Docker 或 CI/CD 流程。
5) 良好的問題解決能力與團隊合作精神。

【加分條件】
1) 熟悉Next.js 或類似 UI 框架。
2) 有 AI / 機器學習 / NLP 整合經驗。
3) 有處理法律相關資料或文件格式經驗。
4) 熟悉 Agentic AI、AI 智能代理、n8n、crewAI、提示工程、工具調用，或其他相關的 NLP／LLM／RAG／機器學習技術。
5) 有 AI 模型訓練所需的資料標註經驗。"|沛思坦網路股份有限公司|福善路|https:////www.104.com.tw/job/8o1vj?jobsource=hotjob_chr
Python_20250409|20250409|Python|(2025 Summer intern) AI Engineer|"【請於2025/4/25前投遞履歷至IBM Career Website】http://ibm.biz/2025intern

IBM Technology Client Engineering provides speed-to-value and innovation for our clients. We embed the IBM Garage methodology into the sales cycle to co-create and co-execute an initial iteration of an MVP with the purpose to land and grow our hybrid cloud platforms and establish IBM&#039;s technical eminence and expertise with our clients. We are a &quot;demonstration and innovation team&quot; that will prove IBM&#039;s technology and services through co-creation. This Garage experience will validate the technology or solution approach that leads to meaningful business outcomes for the client and align with IBM&#039;s AI and hybrid cloud strategy.

 To meet role of AI Engineer requirements you will need to:
 * Understand basic LLM and Generative AI
 * Know how to leverage a variety of structured and unstructured data sources, analytics, AI tools, and programming languages to derive meaningful data insights (e.g., Python, R, Spark, TensorFlow, Jupyter, etc.)
 * Teamwork in an Agile fashion, iterating on the design to react to client feedback"|IBM_台灣國際商業機器股份有限公司|松仁路7號3樓|https:////www.104.com.tw/job/8oi72?jobsource=hotjob_chr
Python_20250408|20250408|Python|Python工程師|"【必要技能】

☑️ 具備3年以上公有雲系統開發經驗
☑️ 5年以上AI 開發工程師尤佳
☑️ 有爬蟲或 AI 系統相關建置經驗者，熟悉爬蟲技術、AI 模型框架，具多模態AI 模型相關經驗尤佳
☑️ [[[Python]]]、AI、Java、"|翰霖科技資訊股份有限公司||https:////www.104.com.tw/job/8o1tt?jobsource=n104bank2
Python_20250414|20250414|Python|Python工程師|"- 熟悉[[[Python]]]語言撰寫實務經驗1年以上。
- 可獨立或與團隊合作，工作態度積極、負責，能配合公司規定。
- 依不同經驗及能力來負責系統之分析(SA)、設計(SD)以及程式撰寫(PG)。
- 配合公司專案需求至客戶端駐點服務。"|緯德科技股份有限公司 (TechLink Corporation)|敦化北路207號8F-13|https:////www.104.com.tw/job/695ve?jobsource=n104bank2
Python_20250414|20250414|Python|Python Engineer|" stability.

Key Qualifications:
• Proficiency in [[[Python]]] is required.
• Knowledge of application architecture and design patterns"|瞬聯科技股份有限公司|和平東路二段339號11樓|https:////www.104.com.tw/job/8i9lj?jobsource=n104bank2
Python_20250410|20250410|Python|Python開發人員|"*使用過Tableau一年以上經驗尤佳
*有金融專案經歷尤佳

1. 使用[[[Python]]]進行系統資料串接開發
2. 依照SA所撰寫之需求說明書，開發網頁串接程式
3. 須具備獨立完成需求書對應之網頁程式開發

"|康翔科技股份有限公司||https:////www.104.com.tw/job/8ok7r?jobsource=n104bank2
Python_20250410|20250410|Python|Senior Data Scientist 資料科學家(Python)|" proficiency in [[[Python]]], Pandas, NumPy, and Scikit-Learn
-Experience with production-grade machine learning solutions

Join Us"|行動貝果有限公司|東興路51號4樓|https:////www.104.com.tw/job/6det4?jobsource=n104bank2
Python_20250330|20250330|Python|[台北] 資深後端工程師 Senior Backend Engineer (Python/Django)|"
-
▋What You Must Have:
▸ Proficient in [[[Python]]] and Experience [[[Python]]] web frameworks (We use Django &amp; Django Rest Framework)"|Linker Vision Co., Ltd._鑫蘊林科股份有限公司||https:////www.104.com.tw/job/7ize1?jobsource=n104bank2
Python_20250324|20250324|Python|RD21593 Python Back-end Developer (Data Center)|"
As a [[[Python]]] Back-end Developer for our data center management solution, you will play a vital role in developing and"|華碩電腦股份有限公司||https:////www.104.com.tw/job/8d8sl?jobsource=n104bank2
Python_20250325|20250325|Python|軟體工程師 - Python|"歡迎成為我們的好夥伴！
【你必備的技能和態度~職務需求】
1. 熟悉 [[[Python]]], 負責軟體之分析、設計以及程式撰寫。
2. 規劃執行軟體架構及模組之設計，並控管軟體設計進度。
3. 進行軟體之測試與修改。
4. 規劃、執行與維護量產的產品。"|社群洞察股份有限公司|錦州街48號10樓|https:////www.104.com.tw/job/8i1od?jobsource=n104bank2
Python_20250410|20250410|Python|Senior Software Engineer 軟體工程師(Python, Java)|" implement backend systems using [[[Python]]] and FastAPI
-Develop and manage distributed systems with Kubernetes
-Optimize database"|行動貝果有限公司|東興路51號4樓|https:////www.104.com.tw/job/8i1yr?jobsource=n104bank2
Python_20250331|20250331|Python|後端工程師(Python)|"營男女仕SPA、醫美、保養品三大事業部。
營業據點遍佈台北、新北、新竹、台中、台南、高雄六大都，員工人數約為２００人

【職務說明】 想開發新專案不要錯過！

  主要以[[[Python]]]為開發基礎，透過Kubernetes部署 、Kafka即時串流、或"|詩嫚特集團_斯曼特企業股份有限公司|民權東路3段178號15樓|https:////www.104.com.tw/job/7fywv?jobsource=n104bank2
Python_20250409|20250409|Python|Software Engineer (Android/Python)| development, you&#039;ll contribute to data engineering and analysis efforts, utilizing [[[Python]]] as needed, helping us unlock|百睿達有限公司|忠孝東路一段9號8樓|https:////www.104.com.tw/job/8my3f?jobsource=n104bank2
Python_20250409|20250409|Python|python工程師|"

1. 負責軟體之分析、設計以及程式撰寫。

2. 規劃執行軟體架構及模組之設計，並控管軟體設計進度。

3. 進行軟體之測試與修改。

4. 規劃、執行與維護量產的產品。

5. 協助研發軟體新技術與新工具。


 

"|先悅資訊有限公司||https:////www.104.com.tw/job/8n0e2?jobsource=n104bank2
Python_20250409|20250409|Python|[PD] System Engineer (Python, System)|"•	產品是基於 Linux-based OS 的資安防護系統，針對客戶網站進行防護
•	透過 [[[Python]]] 處理整體系統的業務邏輯、資料庫存取以及服務之間的串接、設定
•	實現並管理 Linux 系統服務, 使其可以成為長期運行且穩定的系統
•"|動力安全資訊股份有限公司|行愛路77巷16號8樓|https:////www.104.com.tw/job/8fic9?jobsource=n104bank2
Python_20241128|20241128|Python|Python開發工程師|"職位要求：
1、最低兩年實際[[[python]]]開發經驗 
2、希望為數據工程師
3、主要負責Airflow開發.dbt開發.其它[[[Python]]]系統整合開發，（最好是以上的技術可以都會，但可以接受只會 [[[python]]] + SQL 的人選）"|加林軟體科技有限公司|衡陽路51號11樓|https:////www.104.com.tw/job/87ua3?jobsource=n104bank2
Python_20250410|20250410|Python|Python 開發工程師(台北)|"設計和開發[[[Python]]]應用程式
[[[Python]]]開發工程師的主要職責是設計和開發各類[[[Python]]]應用程式，包括Web應用程式、數據分析應用程式、機器學習應用程式等。特別需要對API伺服器、Langchain、AI-Agent和GraphRAG有深入理"|雲育鏈股份有限公司|長安東路2段80號5F|https:////www.104.com.tw/job/87e35?jobsource=n104bank2
Python_20250409|20250409|Python|python工程師|"1. 負責軟體之分析、設計以及程式撰寫。
2. 規劃執行軟體架構及模組之設計，並控管軟體設計進度。
3. 進行軟體之測試與修改。
4. 規劃、執行與維護量產的產品。
5. 協助研發軟體新技術與新工具。
6. 管控軟體開發成本。
7. 撰寫量化交易工具。"|盈萃科技股份有限公司||https:////www.104.com.tw/job/8abdp?jobsource=n104bank2
Python_20250414|20250414|Python|Python工程師(PN001)|"+ 具備 [[[Python]]] 實務經驗
+ 工作態度積極、負責，重視團隊溝通合作 
+ 不當獨行俠，行有餘力時會主動支援及協助

加分 
++ 有使用 [[[Python]]] 開發的開源程式碼專案可供參考 
++ 有撰寫 Unit Test 經驗"|祐安資訊有限公司|復興北路191號5F-1|https:////www.104.com.tw/job/697yq?jobsource=n104bank2
Python_20250414|20250414|Python|python工程師|"在客戶端依照需求開發
2年以上爬蟲, 資料處理經驗
熟悉mssql, mysql"|騰芯數位有限公司|松江路129號11樓|https:////www.104.com.tw/job/839w9?jobsource=n104bank2
Python_20250409|20250409|Python|Python後端工程師（資訊策略專案）|"以上，5年以上AI開發工程師尤佳
4. 具備與SA、PG、QA 溝通經驗
5. 技術能力：[[[Python]]]、深度學習、Java、資料庫：PostgreSQL(含PL/SQL)、SQL Server(含Store Procedure)

【工作內容】
1"|一騰資訊服務股份有限公司||https:////www.104.com.tw/job/8meh1?jobsource=n104bank2
Python_20250407|20250407|Python|投資數據(python) 工讀生(每週最少到職2~3天)|"~非暑期實習，能配合至少一季以上佳~
- 協助優化/維護數據處理流程 (SQL / use [[[python]]] / vba)
- 定期更新特定資料
- 協助製作金融報表
- 主管交辦事項"|大拇哥證券投資顧問股份有限公司|敦化南路|https:////www.104.com.tw/job/6z1pf?jobsource=n104bank2
Python_20250409|20250409|Python|資深資訊安全工程師|"工作任務
透過資安技術面或管理面技能;  規劃，執行及維護資訊科技環境之資訊安全計畫。

工作內容
•	協助Presales 對於企業資安全需求與資安目標規劃、提供相對應產品與應用架構等方案建議, 確保可執行性。
•	Palo Alto、Fortinet 等 SASE、ZTNA導入 安裝、建置、問題排除, 等日常運維。

擅長工具
PaloAlto、Check Point、Fortinet、SQL/NoSQL、Python、 JSON、ELK。



"|新加坡商第一線資訊科技有限公司|敦化南路2段333號21樓|https:////www.104.com.tw/job/8m2n3?jobsource=hotjob_chr
Python_20250414|20250414|Python|RD 網頁/PHP工程師【歡迎應屆畢業生】|"開發web/手機遊戲
－ 遊戲功能開發
－ 活動開發及官網維護
－ 資料庫操作及數據處理

【應徵條件】
－ 熟悉 PHP/JavaScript/C/Java/Python 任一皆可
－ 熟悉 任一SQL

★想要更加了解慧邦科技嗎？歡迎到gamesofa careers看看！
https://www.facebook.com/GamesofaCareers/"|神來也麻將_慧邦科技股份有限公司|羅斯福路二段100號10樓|https:////www.104.com.tw/job/72cz1?jobsource=hotjob_chr
Python_20250325|20250325|Python|Python開發工程師|"要求熟練[[[python]]]及C++
熟悉linux"|美商昇迪凡科技術有限公司台灣分公司|衡陽路51號|https:////www.104.com.tw/job/8llz1?jobsource=n104bank2
Python_20250409|20250409|Python|Python工程師【內湖-金融業】|"年資需3年以上，5年以上AI 開發工程師尤佳
4.具備與SA、PG、QA 溝通經驗
5.技術能力：[[[Python]]]、深度學習、Java、
   資料庫：PostgreSQL (含PL/SQL)、SQL Server(含Store Procedure)"|鈦創軟體資訊有限公司||https:////www.104.com.tw/job/8mgx5?jobsource=n104bank2
Python_20250411|20250411|Python|Mid-Level Machine Learning Engineer (Python)|"

[[[Python]]] Development:

● Utilize [[[Python]]] programming language, focusing on PyTorch or TensorFlow, to develop machine learning"|慧術科技股份有限公司|松智路33巷1號1樓|https:////www.104.com.tw/job/8lwfa?jobsource=n104bank2
Python_20250414|20250414|Python|Python工程師|"1.系統核心開發與維護
2.針對需求可提出解決方案與技術可行性評估
3.開發流程文件撰寫
4.協助客戶解決技術問題
5.其他專案及主管交辦事項"|創昇資訊有限公司|復興南路一段|https:////www.104.com.tw/job/82dtp?jobsource=n104bank2
Python_20250330|20250330|Python|[台北/高雄] 後端工程師 Backend Engineer (Python/Django)|" use

▋What Skill/Experience You Must Have:
▸ Proficient in [[[Python]]] and Experience [[[Python]]] web frameworks (We use Django &amp;"|Linker Vision Co., Ltd._鑫蘊林科股份有限公司|忠孝東路三段136號9樓之5|https:////www.104.com.tw/job/7izdv?jobsource=n104bank2
Python_20250412|20250412|Python|Senior Python Developer|" 

Technologies: [[[Python]]] 
Frameworks: FastAPI 
Advanced Skills 
RAG Technologies: RAG, ReACT, CRAG 
Component Libraries:"|FPT_艾福提資訊有限公司|基隆路二段111號10樓|https:////www.104.com.tw/job/8kgua?jobsource=n104bank2
Python_20250414|20250414|Python|【美商電腦品牌廠_Embedded System Engineer】(具備基本英語溝通能力/純正外商環境/會使用Python佳)_KA_816|"JobTitle: Embedded System Engineer
【適合怎麼樣的人】
▲ 有過FW驗證&amp;開發經驗，想要挑戰外商舞台、替履歷加分者
▲ 會[[[Python]]]佳、或有意願學習[[[Python]]]
▲ 對於自動化流程熟悉者、或CI/CD經驗佳
▲"|藝珂人事顧問股份有限公司||https:////www.104.com.tw/job/8kiwm?jobsource=n104bank2
Python_20250415|20250415|Python|【北士科】Python 推薦系統工程師 (月薪7-10萬)|"我們正在尋找具備推薦系統實作經驗的 [[[Python]]] 工程師加入我們的團隊！

【職務說明】
- 負責CRM客戶關係管理系統智慧客服中的推薦系統開發與維護
- 運用[[[Python]]]打造能即時推薦、動態回應、並具備情緒分析能力的客戶訊息處理系統
- 與產品"|沛思坦網路股份有限公司|福善路|https:////www.104.com.tw/job/8ohu6?jobsource=n104bank2
Python_20250409|20250409|Python|python工程師|"1.與多功能型團隊合作，以辨識業務需求並制定基於數據的解決方案。 
2.與資深工程師合作，確保數據基礎設施和系統經過優化，以實現高效的數據處理和存儲。 
3.參與研究和開發計劃，探索能夠增強數據分析和建模能力的新方法和工具 
4. 主管交辦相關事項之協助及處理"|睿加科技股份有限公司|基隆路一段420號13樓|https:////www.104.com.tw/job/7w4b4?jobsource=n104bank2
Python_20250409|20250409|Python|Python Automation Engineer|•	Author automation workflows in [[[Python]]], the Robot framework, and Powershell to make sure a Windows system with BMC, UEFI,|新加坡商優思特股份有限公司台灣分公司||https:////www.104.com.tw/job/8n88p?jobsource=n104bank2
Python_20250409|20250409|Python|軟體開發工程師 Python CMS Engineer(數數發中心, DDT)_I00014641|"瓶頸

【必要條件】
● 3年以上[[[Python]]] WEB開發經驗，具分散式系統架構經驗尤佳
● 熟悉關聯式資料庫設計開發，具Redis、message queue 操作經驗尤佳
● 熟悉 Linux 基本操作
● 具備 apache http"|國泰金控_國泰金融控股股份有限公司||https:////www.104.com.tw/job/87w78?jobsource=n104bank2
Python_20250407|20250407|Python|Senior Backend Engineer - Python|"加入我們，參與和改進以下領域的應用開發：

SaaS 平台：打造一個高度可靠的雲端平台，具有強大的服務水準協議 (SLA)。優化現有架構，實現自動化部署，以確保系統性能的最佳表現。

AWS 雲端和本地基礎架構： 我們的系統主要部署在 AWS Lightsail 上，我們正在尋求您的專業知識，以利用微服務架構，使其能夠兼容將軟體部署到客戶的本地伺服器上。

產品擴展專案和內部工具： 參與客戶管理系統、郵件傳送系統、系統穩定性監控工具和客服回報系統的開發。這些改進旨在提升我們客戶的整體產品體驗。


Join us in developing and enhancing applications in the following domains:

SaaS Platform: Construct a highly reliable cloud platform with a strong Service Level Agreement (SLA). Improve the existing architecture and implement automated deployment to ensure optimal system performance.

AWS Cloud and On-Premises Infrastructure: Our system primarily deploys on AWS Lightsail, and we are seeking your expertise in utilizing microservices architecture, making it compatible for deploying software to customers&#039; on-premises servers.

Product Extension Projects and Internal Tools: Contribute to the development of customer management systems, email delivery systems, system stability monitoring tools, and customer support reporting systems. These enhancements aim to elevate the overall product experience for our customers.


我們期待你具備有以下特質：

積極學習技術：對底層系統架構和技術原理充滿熱情，主動追求新知識。
團隊溝通：良好的團隊合作和溝通能力對我們的項目至關重要。
樂於解決技術問題與分享：喜歡解決挑戰性的技術問題，並樂於分享知識和解決經驗。


We expect you to possess the following qualities:

Proactive Technology Learning: Enthusiastic about understanding underlying system architecture and technical principles, actively pursuing new knowledge.
Team Communication: Strong team collaboration and communication skills are crucial for our projects.
Passion for Problem Solving and Knowledge Sharing: Enjoy tackling challenging technical issues and are willing to share your knowledge and problem-solving experiences."|塔台智能網絡股份有限公司|園區街3之2號9樓|https:////www.104.com.tw/job/8n0gu?jobsource=n104bank2
Python_20250408|20250408|Python|MyGo Proptech/Fintech 資深Python工程師/資料科學家|" [[[Python]]] 網路爬蟲相關經驗及網站常見反爬蟲策略經驗
3. 熟悉 MySQL / maria DB 
4. 參與過資料視覺化相關專案開發
5. 使用 [[[Python]]] 及 Django 、 FastAPI經驗
6. 開發過 API 系統"|MyGo商學苑_平安房屋仲介股份有限公司|長春路176號4樓|https:////www.104.com.tw/job/6yjxf?jobsource=n104bank2
Python_20250414|20250414|Python|Python後端工程師|"1. 大學資訊相關科系畢業
2. 熟悉[[[Python]]]程式語言
3. 熟悉 FastAPI 或 Flask 框架
4. 瞭解WebService資料串接，與加解密原理
5. RESTful API 開發與串接
6. 金融創新服務演算法開發
7. 懂"|阿爾發證券投資顧問股份有限公司|羅斯福路二段102號8樓之1|https:////www.104.com.tw/job/6vazb?jobsource=n104bank2
Python_20250414|20250414|Python|Python資料庫及數據工程師|"Title :  [[[Python]]]資料庫及數據工程師

公司簡介:
一個專業數位開發平台。

專注於區塊鏈領域創新解決方案。目前的項目基於 Solana 開發去中心化應用，旨在徹底革新去中心化金融（DeFi）領域。

目前正在尋找一位後"|恒吉佳國際有限公司|南京東路四段51號9樓|https:////www.104.com.tw/job/8odpz?jobsource=n104bank2
Python_20250409|20250409|Python|QA測試工程師(Python模型測試)|"【工作內容】
1. 好溝通
2. 細心
3. 可以獨立寫測試文件
4. 對於[[[Python]]]有基礎：一年以上
5. 瞭解pytest，可開發測試案例

【在這裡你可以】
● 參與銀行系統專案，踏入金融產業的好跳板，獲得更多銀行微服務業務邏輯的經驗
●"|一騰資訊服務股份有限公司||https:////www.104.com.tw/job/8jxey?jobsource=n104bank2
Python_20250409|20250409|Python|Python 軟體工程師|"職務內容：
1. Restful API及後端程式開發
2. [[[Python]]]應用程式開發 (Django)
3. AI Agent開發
4. 完成主管交付之工作內容

必要條件：
1. 熟悉[[[Python]]]程式語言 (Django framework)"|核桃運算股份有限公司|忠孝東路一段9號4樓|https:////www.104.com.tw/job/89rhw?jobsource=n104bank2
Python_20250214|20250214|Python|PD0710 WEB開發工程師(C#、Python)(內湖)|"1.參與ESG解決方案的開發與實施，包括前端設計與開發，以及資料庫工作。
2.使用C#、[[[Python]]]語言進行網頁開發，負責專案軟體之測試、修改與維護 。
3.協助自動化任務中的應用，實施和維護MVC網頁應用程式，確保整體的使用者體驗。
4.使用資"|仁寶電腦工業股份有限公司|瑞光路581號(114)|https:////www.104.com.tw/job/3qvt6?jobsource=n104bank2
Python_20250414|20250414|Python|SL[台北松山] Firmware Test Automation Engineer 韌體自動化測試工程師 (年薪2M內，熟Python)|" 
2. Strong [[[Python]]] and robot framework programming skills. 
3. Familiar with CI/CD. 
4. Some exposure to FW development/"|新加坡商立可人事顧問有限公司台灣分公司||https:////www.104.com.tw/job/7w0yz?jobsource=n104bank2
Python_20250409|20250409|Python|"【美商電腦領導品牌_Embedded System Engineer】韌體工程師 | 會 Python 加分/英文簡單溝通即可 | KA_828"|"⭐您具備韌體開發經驗、會 [[[Python]]] 或願意學，希望加入外商品牌廠嗎？！⭐

 有過硬體驗證及開發經驗，想要挑戰外商舞台、替履歷加分者

 會 [[[Python]]] 佳、或有意願學習 [[[Python]]]

 前期習慣系統後彈性遠端工作，工時&amp;生活追求平衡！"|藝珂人事顧問股份有限公司||https:////www.104.com.tw/job/8o3h5?jobsource=n104bank2
Python_20250414|20250414|Python|【智平衡健康集團】網路行銷AI大數據分析師|"廣告投成效評估: 負責將各線上廣告渠道與線下轉換數據整合分析，提供不同產品從upper 到 lower funnel 的廣告策略，以提升線下轉換率，驅動行銷漏斗運作。

1. 使用者旅程分析，針對診所患者進行旅途分析，提供各接觸點的優化策略與改善方案。
2. 透過GA4、廣告後台數據、系統後台等數據，製作數據分析報告。
3. 與其他部門密切合作，共同討論並制定營運策略，以推動業務增長和效率提升。
4. 配合部門及主管要求事項。

擅長工具：
1. 熟悉數據分析工具（如R、Python、SQL）
2. 熟悉數據可視化工具（如Tableau、Power BI）
3. 具廣告數據分析經驗（Google Ads、Facebook Ads等）
4. 具商業智能（BI）和數據分析相關經驗
5. 具備統計分析和機器學習知識


"|拉菲爾股份有限公司|忠孝西路一段66號30樓之一(新光摩天大樓)|https:////www.104.com.tw/job/8fpnv?jobsource=hotjob_chr
Python_20250410|20250410|Python|【總行單位】信用風險企劃人員(新人/經驗行員)|"1. 信用風險資本計提報表製作與數據分析。
2. 執行壓力測試作業。
3. BCBS與外部資本適足規範研究，導入資本計提相關制度。
4. 信用風險資本計提系統管理。


104僅供職缺參考，若您對此職缺有興趣，請至本行「玉山菁英甄選網站」投遞履歷，如書審通過，將邀請您參加面談。謝謝！
【網址：https://esnhr.pse.is/394b2n】"|玉山銀行_玉山商業銀行股份有限公司|民生東路三段115號|https:////www.104.com.tw/job/80ss9?jobsource=hotjob_chr
Python_20250413|20250413|Python|U－Python 後端工程師 （Django）（台北）|專注於創新金融服務的開發。現正尋找一位專注於 核心後端開發 的 [[[Python]]]/Django 工程師。您將負責開發與維護金融系統的關鍵業務邏輯。|緯創軟體股份有限公司||https:////www.104.com.tw/job/8o4rp?jobsource=n104bank2
Python_20250409|20250409|Python|I138 Java/Python 全端工程師(可遠端工作)|". 反詐戰警個人版平台設計與開發

【必備技能】
1. 擁有 Java及 Web 開發經驗，對 [[[Python]]] 語言有一定了解
2. 能快速掌握 SpringBoot ，並能將其應用於實際專案，了解 Airflow , FastAPI 尤佳。
3."|台灣大哥大股份有限公司||https:////www.104.com.tw/job/8nts5?jobsource=n104bank2
Python_20250309|20250309|Python|程式設計師(C++/Java/Python)(熟Apache Middleware)(台北市內湖區)(內部編號：SI1-A226)|"【必備條件】
1. 專精其中一種開發語言 - C, C++, Java, [[[Python]]]
2. 有系統開發專案，或是系統維運工作經驗
3. 熟悉SQL語法
4. 熟悉GIT版控工具
5. 良好的溝通能力
6. 快速學習新技術的能力

【加分條件】"|艾帝浦杰股份有限公司||https:////www.104.com.tw/job/8n3d5?jobsource=n104bank2
Python_20250409|20250409|Python|【AI Team 】python開發工程師|"。
6. 參與架構設計與技術決策，提升系統的可擴展性與開發效率。

【職務要求】
1. 3 年以上 [[[Python]]] 後端開發經驗，熟悉 FastAPI 或 Flask、Django 等框架。
2. 熟悉 RESTful API 設計原則。
3. 熟悉"|愛酷智能科技股份有限公司|敦化南路一段2號5樓|https:////www.104.com.tw/job/85bg7?jobsource=n104bank2
Python_20250409|20250409|Python|AI &amp; Data 工程師 (Python)|"態 AI 模型驗證與應用
5. 其他工作
- 撰寫與維護系統技術文件、SOP、API 文件
- 協助跨部門（前端、PM）進行需求分析與技術討論
- 定期優化資料流程與開發架構，提高維護性與擴充性


必要條件:
- 精通 [[[Python]]]，熟悉"|大宇資訊股份有限公司|敦化南路二段107號15樓|https:////www.104.com.tw/job/8ojbg?jobsource=n104bank2
Python_20250408|20250408|Python|Python programmer/data scientist for quantitative trading|"[[[Python]]] programmer/data scientist for quantitative trading
Seeking junior multi-asset strategist/developer/data scientist"|中塑油品股份有限公司|港墘路200號5樓|https:////www.104.com.tw/job/70dmc?jobsource=n104bank2
Python_20250408|20250408|Python|P7-Python資料工程師|"本公司是國內搜尋及語意分析市占率最高的廠商，專注研發非結構資料之數據處理，尋找熟悉[[[Python]]]及物件導向設計的人才加入。工作主要為開發與維運資料產線，搜集語料、資料儲存處理，並提供API服務供下游服務使用。

工作內容如下：
- 資料搜集程式開發"|意藍資訊股份有限公司|信義路四段184號6樓|https:////www.104.com.tw/job/7csnw?jobsource=n104bank2
Python_20250327|20250327|Python|python工程師(資訊暨技術支援部)|"1.程式設計、修改、安裝、測試及維護。 
2.與前端工程師協作，完成項目開發。 
3.獨立開發及維護程式碼，並快速修復問題。 
4.確保系統穩定運行並持續改進使用體驗。 
5.維護相關程式碼，確保系統穩定運行。


"|東森電視事業股份有限公司||https:////www.104.com.tw/job/7iejs?jobsource=n104bank2
Python_20250409|20250409|Python|後端工程師 Backend Engineer (Python Developer)|"研究者精神
+ 能屈能伸、擁抱變化的開發者精神

### 希望你會 ###
1. 熟悉[[[Python]]]、任一[[[Python]]] Web Framework(Flask, Django…etc)
2. 熟悉使用ORM(SQLAlchamy…etc)
3. 熟悉"|紐奧谷科技股份有限公司|瑞光路423號 (距捷運港墘站約450公尺)|https:////www.104.com.tw/job/7m6ga?jobsource=n104bank2
Python_20250414|20250414|Python|Python工程師|"更彈性。

#主要工作內容：
1. 以 [[[python]]] 開發 Web Application
2. API設計、串接、開發工作。
3. 設計 AI 相關應用的架構及流程
4. 撰寫軟體測試
5. 其它主管交辦事項。

#技術相關加分項目：
1. 熟悉"|出奇整合廣告股份有限公司|重慶南路一段57號11樓|https:////www.104.com.tw/job/8czhz?jobsource=n104bank2
Python_20250407|20250407|Python|Senior Backend Engineer (Python) #上市公司內部創業 #AI 應用領域 #跨國出差機會|"【Your Role】
Join us as a Senior Backend Engineer, where you’ll collaborate with product managers and developers to craft robust, scalable, and innovative backend solutions. You’ll play a pivotal role in designing systems that enable seamless user experiences while empowering our team to push technological boundaries. If you&#039;re eager to take on meaningful challenges and deliver impactful products, this role is your chance to make a difference.

【About Our Engineering Team】
Our Engineering Team is at the forefront of technological innovation, driving impactful projects with a focus on collaboration and continuous growth.  

【We stand for】
- Collaboration: Fostering open communication and teamwork to achieve shared goals.  
- Impact: Delivering solutions to mission-critical systems and tackling high-traffic challenges with ingenuity.  
- Quality: Producing clean, high-quality code with thorough testing to uphold the highest standards.  
- Growth: Encouraging lifelong learning through workshops, peer mentoring, and knowledge-sharing sessions.  

【What You’ll Do】
- Design and develop scalable, high-performance backend systems, including real-time APIs and data pipelines.  
- Collaborate with cross-functional teams to deliver innovative features and solutions.  
- Optimize system performance to handle diverse and demanding client environments.  
- Write clean, maintainable, and testable code that adheres to team standards.  
- Architect reliable and scalable systems that ensure long-term operational success.  
- Implement and maintain monitoring and testing frameworks to ensure product quality and reliability.  

【What We’re Looking For】
- 5+ years of experience in backend development.  
- Proficiency in designing and implementing RESTful APIs.  
- Expertise in building scalable architectures tailored to dynamic client requirements.  
- Hands-on experience with system deployment, monitoring, and optimization.  
- A proven ability to solve complex technical challenges and eliminate system bottlenecks.  

【Bonus Points for Experience With】
- Optimizing applications using PyInstaller.  
- Enhancing machine learning workflows with MLOps practices.  
- Background in Site Reliability Engineering (SRE) or IT systems.  
- Building video data pipelines for machine learning tasks.  

【Why Join Us?】
Be a part of a team that values innovation, embraces challenges, and works together to shape the technology of tomorrow. Let&#039;s build solutions that matter—together!"|LRS_英屬維京群島商杰恒國際有限公司台灣分公司|松仁路89號6樓A室|https:////www.104.com.tw/job/8l8uk?jobsource=n104bank2
Python_20250414|20250414|Python|"EIS | (資深)資料/Python工程師"|"理流程的效能與穩定性，確保平台的可靠性與準確性。 
5. 研究並實作數據處理工具及技術，負責模型訓練與部署過程中數據的準備及優化

【Skills/Experience】
1. 精通 [[[Python]]]與熟悉Django/Flask框架，具備2年以上開發"|殷富資訊股份有限公司|敦化北路102號13樓|https:////www.104.com.tw/job/8kgx8?jobsource=n104bank2
Python_20250414|20250414|Python|【AI虛擬人】(資深)機器學習工程師(人臉影像) (Senior) Machine Learning Engineer|" [[[Python]]] and C/C++ programming languages with good coding habits.

5.Strong problem-solving skills, independent learning"|數碼虛擬人科技有限公司|長春路210號2樓|https:////www.104.com.tw/job/8bhdh?jobsource=n104bank2
Python_20250414|20250414|Python|後端工程師 Backend Engineer- Python [內部人事系統]|"打造出更便利的內部系統。
 
【需求技能】
- 後端程式：[[[Python]]]為主
- PostgreSQL 或類似之關聯式資料庫的使用經驗
- 熟悉 Linux Command Line
- 熟悉 Git &amp; Git Flow
- 至少熟悉一種 MVC"|酷遊天股份有限公司|新湖一路128巷15號5樓|https:////www.104.com.tw/job/73o8w?jobsource=n104bank2
Python_20250411|20250411|Python|【南港美商電腦原廠-Procurement Operations Analyst】歡迎英文精通、熟悉Python自動化的您！KA_840|"《如果你英文精通、用字精準到位 / 熟悉[[[Python]]]自動化 / 對供應鏈感興趣(無供應鏈相關知識經驗無妨) / 希望加入全球知名電腦品牌外商 / 歡迎按下主動應徵了解更多》
《此為派遣職缺 / 主要為buyer職務》


【Job"|藝珂人事顧問股份有限公司||https:////www.104.com.tw/job/84ygw?jobsource=n104bank2
Python_20250414|20250414|Python|【視訊面試】TQA工程師/熟悉 Python-2|"能與成員協力合作，有 Scrum 經驗佳。
5. 樂觀進取、積極主動；敢於創新、挑戰不同。
6. 須熟悉 [[[Python]]] 程式語言。
7. 熟悉 pytest 框架尤佳"|宏益科技服務股份有限公司||https:////www.104.com.tw/job/8kbjf?jobsource=n104bank2
Python_20250408|20250408|Python|Python 工程師(資訊部)|"性
5.跨部門協作，確保技術與業務目標對齊

【我們希望你具備】
1.[[[Python]]] 開發經驗，具備良好的邏輯思維與程式設計能力 （有 OOP 基本概念）
2.使用過 Django、Flask 或 FastAPI 等 Web 框架（至少一種）
3具備"|iRent_和雲行動服務股份有限公司|長安東路二段99號5樓|https:////www.104.com.tw/job/8ohjt?jobsource=n104bank2
Python_20250408|20250408|Python|Software Engineer(C++/Python)軟體工程師|" using C++ or [[[Python]]] technology.
4.	Platform Porting: Required to port systems to different environments such as Windows/Ubuntu"|Gorilla Technology Group_大猩猩科技股份有限公司|瑞光路302號7樓|https:////www.104.com.tw/job/8idbr?jobsource=n104bank2
Python_20250409|20250409|Python|「教育部高教深耕計畫推動協調與影響評估計畫」研究專員 (需具備資料分析與程式能力)|"的工作內容是使用 [[[Python]]] 進行教育數據的串接與計算，另需協助團隊其他研究任務。

【工作內容】
1.	串接與計算教育數據
        * 使用 [[[Python]]] 進行資料清理與統計分析
        * 整理、分析並串接全國大專校院校務資料"|國立臺灣大學_社會學系|羅斯福路四段一號社會社工系館|https:////www.104.com.tw/job/8oja9?jobsource=n104bank2
Python_20250409|20250409|Python|Python 爬蟲工程師|" °o‧° °o‧° °o‧°

▍職缺條件：
※ 2-3年[[[Python]]]開發經驗

▍加分條件：
※ 雲端經驗


▍人格特質：
※樂於學習分享
※良好溝通能力
※追求程式品質

▍您能獲得：
※透過知名專案歷練，讓未來更好找工作。
※未來職涯規劃"|達暉資訊有限公司|敦化南路二段182號19樓|https:////www.104.com.tw/job/80bmw?jobsource=n104bank2
JavaScript_20250409|20250409|JavaScript|SEO網站規劃師+網頁維護修改(會Chat Gpt熟HTML、CSS、基本JavaScript)|"本職務基本能力須採用Chat Gpt並熟HTML、CSS、Sass、基本[[[JavaScript]]])，如中高階能力者，需具設計美學並熟Figma、Rwd獨立切版、Bootstrap、[[[JavaScript]]]、Seo
【職務工作內容】
1主要為各種企業進行網"|匯康科技有限公司|南京東路4段133巷7弄23號1樓|https:////www.104.com.tw/job/7obuk?jobsource=n104bank2
JavaScript_20250415|20250415|JavaScript|JavaScript 工程師|"1. 負責大型客戶軟體之產品服務與解決方案
2. 數位印刷系統及解決方案的設計與測試
3. 與業務單位合作，進行需求訪談與售前展示"|台灣富士軟片資訊股份有限公司|敦化北路88號7樓|https:////www.104.com.tw/job/7kwgi?jobsource=n104bank2
JavaScript_20250331|20250331|JavaScript|Javascript前端工程師|"Excel式雲端資料庫平台開發，後端為 Java，前端為大量 [[[Javascript]]]。使用者超過七成在國外，所以需要練習處理各種國際化課題，例如跨時區、多語系、不同數字或日期格式習慣等。

我們的產品沒有使用任何framework，使用的"|Ragic_立即科技有限公司|南昌路二段81號9樓|https:////www.104.com.tw/job/4iq1n?jobsource=n104bank2
JavaScript_20250410|20250410|JavaScript|網頁前端工程師 Front End Javascript Engineer|"主流開發框架Vue.js、React.js 
6. 熟PHP 及 mysql 與 HTML  HTML5  CSS [[[JavaScript]]] Sass網頁相關技術
7. 熟悉Linux系統、資料流程、資料處理、演算法
8. 面試前提供作品者佳
"|膂盟資訊開發股份有限公司|民生東路一段29號9樓|https:////www.104.com.tw/job/6ygsm?jobsource=n104bank2
JavaScript_20250407|20250407|JavaScript|【RD】JavaScript 軟體工程師|"大學以上，資訊相關科系畢業，相關學系研究所畢業者佳。
我們也竭誠歡迎社會新鮮人的加入，我們有一系列完善的職前教育訓練。

○ 有軟體開發工作經驗
○ 熟悉 MongoDB / Redis
○ 熟悉 CSS / SASS / HTML
○ 具 git / npm / bower / gulp / grunt / webpack 使用經驗
○ 有 NodeJS/AngularJS 開發經驗尤佳
○ 有 Angular / Loopback / Cordova / Ionic / Electron 開發經驗尤佳
○ 積極進取、誠懇負責，對軟體/雲端服務開發有熱忱

有意願者可參考http://www.openfind.com.tw/taiwan/about_openfind/job/job_sharing.php"|網擎資訊軟體股份有限公司|承德路六段120號7樓|https:////www.104.com.tw/job/8mbt2?jobsource=n104bank2
JavaScript_20250408|20250408|JavaScript|前端工程師（Frontend engineer / Javascript developer）|" development workflows  

## Requirements

- Strong proficiency in [[[JavaScript]]] (ES6+), HTML5, and modern CSS (including"|替您錄科技股份有限公司(TGC Taiwan, Inc.)|八德路四段 760 號 6 樓|https:////www.104.com.tw/job/47nhm?jobsource=n104bank2
JavaScript_20250409|20250409|JavaScript|[PD] Software Engineer (JavaScript Security Engineer)|"• 	防護系統攔截HTTP Request / Response，動態插入 [[[JavaScript]]] Engine, 和後端配合，實現資安防護功能如前端操作行為數據分析、動態數據加解密、動態封裝原始客戶網頁內容。
•	實現 [[[JavaScript]]] 程式"|動力安全資訊股份有限公司|行愛路77巷16號8樓|https:////www.104.com.tw/job/74btr?jobsource=n104bank2
JavaScript_20250414|20250414|JavaScript|資深軟體工程師(集團招募)|"開發-HTML、CSS3、[[[JavaScript]]](懂React框架尤佳)：能設計和開發複的前端應用，熟悉前端性能優化
4. 後端開發-Java(Spring Boot框架)：能設計和開發高可用性、高性能的後端服務
5. 資料庫：深入了解資料庫性能調校"|碩達系統股份有限公司|羅斯福路3段37號7樓|https:////www.104.com.tw/job/8g8ht?jobsource=n104bank2
JavaScript_20250409|20250409|JavaScript|網路行銷主管（總公司）|"力及團隊合作精神，擅於溝通協調。
4. 熟網站前後端相關程式語言、建置平台、影音製作等： HTML、CSS、[[[JavaScript]]]、PHP、MySQL、設計軟體、影音軟體。
3. 具設計、程式相關證照者佳。
"|台北旅店管理顧問股份有限公司|中山北路3段31號4樓|https:////www.104.com.tw/job/8ki2z?jobsource=n104bank2
JavaScript_20250414|20250414|JavaScript|初階PHP工程師|"環境, Git 與 DB (MySQL) 基本操作能力。
3. HTTP Protocol, HTML, CSS, [[[JavaScript]]] 基本知識。
4. 最重要的是積極、細心、熱愛技術並努力追求最佳解的態度。

# 加分：
1. 熟悉"|第一網站股份有限公司|復興北路164號2F之1|https:////www.104.com.tw/job/7r3rx?jobsource=n104bank2
JavaScript_20250402|20250402|JavaScript|前端工程師|"1.RWD介面之分析、設計以及程式撰寫。
2.熟悉[[[javascript]]],css,html。
3.熟悉操作DOM物件,JSON,AJAX。
4.規劃、執行與維護頁面。
5.協助研發前端開發新技術與新工具。  
6.前三個月為試用期
"|平安線有限公司|忠孝東路5段552號15樓|https:////www.104.com.tw/job/6hp4b?jobsource=n104bank2
JavaScript_20250407|20250407|JavaScript|資深AIoT軟體工程師|" Boot)、JPA等框架開發相關經驗。
3.具備Web應用程式([[[Javascript]]]、ReactJS、NodeJS、Typescript)相關經驗。
4.熟悉資料庫開發、設計與優化。
5.使用 Git 進行版本控制。

【加分項目】 
1.具備物聯網"|新捷能資訊股份有限公司|羅斯福路二段107號11樓|https:////www.104.com.tw/job/8jrsm?jobsource=n104bank2
JavaScript_20250409|20250409|JavaScript|研發替代役-軟體工程師|"1. 負責資安軟體之分析、設計、測試與修改以及程式撰寫
2. 熟悉MySQL、MSSQL 資料庫，並具SQL 開發經驗。
3. 具備MVC, Web API 設計與開發經驗尤佳。
4.了解C#, [[[Javascript]]], JQuery, CSS,"|曜祥網技股份有限公司||https:////www.104.com.tw/job/7j7lm?jobsource=n104bank2
JavaScript_20250409|20250409|JavaScript|研發部-軟體工程師|"1. 負責資安軟體之分析、設計、測試與修改以及程式撰寫
2. 具備[[[JavaScript]]]、jQuery、CSS、HTML等Web基礎知識
3. 了解C#語法
4. 了解資料庫概念與SQL語法
5. 具備ASP.NET、MVC、Web API設計與開"|曜祥網技股份有限公司||https:////www.104.com.tw/job/5jwoq?jobsource=n104bank2
JavaScript_20250414|20250414|JavaScript|前端工程師|"1. 前端網頁程式撰寫、測試與維護
2. 跨平台 API 程式與後端資料庫程式串接與整合
3. 熟悉 React, HTML5, CSS3 與 [[[Javascript]]]
4. 具備Git版控使用經驗及概念
5. 敘薪依照實務經驗與工作能力 
6. 工"|如牧創新有限公司|敦化南路一段236巷38號3樓|https:////www.104.com.tw/job/7gza5?jobsource=n104bank2
JavaScript_20250407|20250407|JavaScript|網頁前端工程師(台北)|"1. 與設計團隊合作開發大型網站平台
2. 給客戶創造好的網站使用體驗
3. 使用框架製作網站介面和操作功能
"|樺康智雲股份有限公司|和平東路一段180號7樓|https:////www.104.com.tw/job/87d04?jobsource=n104bank2
JavaScript_20250327|20250327|JavaScript|網站/網頁系統工程師|"HTML5、CSS、和[[[Javascript]]]進行前端程式開發 
・串接後端API
・熟悉RWD網頁設計技術
・維護公司現有平台及新功能開發                                                    
・配合公司"|櫻特森系統整合股份有限公司|東興路|https:////www.104.com.tw/job/6ol23?jobsource=n104bank2
JavaScript_20250408|20250408|JavaScript|BPM資訊工程師|"1. 使用華苓產品Agentflow平台工具，負責開發相關流程專案。
2. 協助需求功能之分析、設計以及[[[JavaScript]]]程式撰寫。
3. 熟稔且具備Oracle ERP整合及資通HCP經驗者佳。
4. 有.NET C#程式寫作經驗佳。


*"|高林股份有限公司|敦化北路167號8樓AB區(宏國大樓)|https:////www.104.com.tw/job/7mg5d?jobsource=n104bank2
JavaScript_20250319|20250319|JavaScript|程式設計師|"開發Web應用程式，包含前端網頁(HTML+[[[javascript]]])
後端伺服器程式(asp.net+MSSQL)"|傑印資訊股份有限公司|羅斯福路二段105號9樓|https:////www.104.com.tw/job/2k9c4?jobsource=n104bank2
JavaScript_20250224|20250224|JavaScript|總公司-資訊人員|"核心職能需求(至少熟悉其一):
1. 熟悉excel 公式，可獨立完成excel應用程式。
2. 熟悉java script。
（應徵時，請帶個人作品；面試時亦會有簡單公式或程式碼撰寫測試）

※公司資訊系統、個人電腦、公司網路等...重要維護為外包。
此職位需要執行下列工作：
1. 為公司與外包公司的窗口。
2. 針對個人電腦、公司網路的初級簡單問題排除。
3. 其他主管交辦事項。
"|永聖貿易股份有限公司|南京東路二段125號14樓|https:////www.104.com.tw/job/7evgj?jobsource=n104bank2
JavaScript_20250414|20250414|JavaScript|全端工程師（ Web Developer)|"**工作內容**

1. **軟體與系統維護**
• 作業系統（Windows / macOS ）更新與優化
• 防毒軟體管理、系統權限控管、資安維護
• 診所內部資訊系統（HIS / PACS / LIS）異常處理

2**基本條件：**
• **具備 JavaScript / Node.js 開發經驗 1 年以上**
• **會前端框架（Vue.js ）**
• 熟悉 **HTML / CSS / REST API**
• 熟悉 **Linux / Windows 伺服器管理**
• 了解 **網路基礎架構（TCP/IP、VPN、防火牆）**

3. **網路與資安管理**
• 網路架構優化與基礎故障排除
• 內部防火牆與權限控管
• 定期進行資訊安全檢測，確保資料合規

**前後端網站開發（Junior Developer）**

4. **網站與應用程式開發**
• **前端開發**：使用 JavaScript，Vue.js 進行診所內部網站開發與維護
• **後端開發**：使用 Node.js（Express）開發簡單的 API 服務
• **資料庫操作**：基本 MySQL / PostgreSQL / Firebase 管理與查詢

5. **網站優化與管理**
• 診所內部網站維護與功能擴充
• 協助第三方軟體與內部系統的 API 整合
• 基本 UI / UX 優化（如有經驗）

6. **內部系統數位化與自動化**
• 開發簡單的自動化工具，例如報表產生、內部通知系統
• 撰寫腳本（Python / JavaScript）來簡化 IT 維運工作


＊本職缺無法遠端工作，需近辦公室上班＊"|牛蛙股份有限公司|敬業一路19號8樓之2|https:////www.104.com.tw/job/8ofhq?jobsource=hotjob_chr
JavaScript_20250414|20250414|JavaScript|【誠品線上】網頁資深視覺設計師 #電商活動頁設計|"如果你是一位熱愛創意、對網頁設計有興趣的專業人士，我們誠摯地邀請你加入屬於這個以人文為核心的團隊，一起打造引領未來的屬於誠品的電商設計！

創新設計：為我們的活動頁帶來獨特的視覺，並且符合誠品風格。
響應式設計：確保網站在不同設備上都能完美呈現。
活動設計：將你的創意發展到誠品線上之外，還有機會搭配實際誠品展出設計。

**必備條件：
1. 擅長Photoshop、Illustrator
2. 具備設計成果自我要求高，對視覺美感，針對行銷活動、商品活動之網頁視覺設計能力，並且整體氛圍符合誠品。
3. 需具1年以上網頁前端設計工程師之實務經驗，ＲＷＤ切版能力，具備RWD切版能力；能靈活運用javascript、jQuery套件呈現網頁互動效果。
4. 了解基本前端語言及語法(HTML、CSS、Javascript、jQuery)
5. 有RWD經驗，理解瀏覽器相容處理
6. 活動頁公版版型設計與RWD切版。
7. 大型線上線下活動網站設計。
8. 各線電子報版型設計與切版。
9. 具備跨部門溝通能力，能獨立作業及團隊合作"|誠品生活股份有限公司|松德路204號B1|https:////www.104.com.tw/job/80cdk?jobsource=hotjob_chr
JavaScript_20250414|20250414|JavaScript|Frontend Developer (Contractor)|" CSS 框架 (Bootstrap、Tailwind) 使用經驗，熟悉 [[[JavaScript]]] ES6 語法
6. 略懂繪圖軟體，能與設計師討論協作"|Gogolook_走著瞧股份有限公司|敦化南路二段319號|https:////www.104.com.tw/job/8nfir?jobsource=n104bank2
JavaScript_20250407|20250407|JavaScript|前端工程師|"開發RWD WEB應用程序： 使用 Vue.js、HTML、CSS、[[[JavaScript]]] 開發和優化響應式網頁，確保在各種設備和瀏覽器上的良好展示效果。

維護現有的WEB應用程序： 定期更新和優化現有代碼，修復 Bug 並提升應用的性能和用戶體"|八達國際物流股份有限公司||https:////www.104.com.tw/job/8h0uh?jobsource=n104bank2
JavaScript_20241221|20241221|JavaScript|Frontend Engineer / 前端工程師|"
1.規劃執行軟體架構及模組之設計，並控管軟體設計進度。
2.進行軟體之測試與修改。
3.負責軟體之分析、設計以及程式撰寫。
4.Web平台產品持續開發、改善及維運
5.具高度責任感、穩定性、獨立思考，工作配合度高可與團隊成員合作
6.願意與他人技術分享交流
7.非駐點及派遣工程師
8. 需具備 RWD 實務經驗與網頁 Browser 相容性設計經驗
9. 請備作品集"|魚禾子科技有限公司|松江路200號4樓之一|https:////www.104.com.tw/job/7vji9?jobsource=n104bank2
JavaScript_20250408|20250408|JavaScript|後端開發工程師Backend Developer(ASP.NET)|"論及可行性解法建議
3. 具備 ASP.NET C# 軟體開發經驗，熟悉 ASP.NET MVC &amp; ASP.NET
4. 具備資料庫開發經驗 (MSSQL / MySQL)
5. 具備 [[[JavaScript]]] &amp; AJAX 應用開發經驗，有基礎"|海棠設計股份有限公司|南京東路1段96號9樓|https:////www.104.com.tw/job/5r46h?jobsource=n104bank2
JavaScript_20250414|20250414|JavaScript|軟體工程師(集團招募)|"主要工作：
1. 專案產品開發。
2. 產業委託之系統軟體開發專案（如公家單位、醫療、製造、教育、金融等，非駐點）。

				
工作職責：
1. 程式撰寫與開發、網頁前端開發
(熟悉程式語言：HTML、CSS、[[[JavaScript]]]/"|碩達系統股份有限公司|羅斯福路3段37號7樓|https:////www.104.com.tw/job/8g7uj?jobsource=n104bank2
JavaScript_20250409|20250409|JavaScript|遊戲程式設計師(後端)|"1.依據企劃文件需求開發遊戲伺服器程式
2.與客戶端工程師合作進行伺服器端API的開發與維護
3.編寫技術開發相關文件
4.管理資料庫遊戲數據
5.配合團隊開發流程與主管交辦事項
6.配合遊戲營運及維護

"|亞虎科技股份有限公司|南京東路三段248號|https:////www.104.com.tw/job/6nyzy?jobsource=n104bank2
JavaScript_20250414|20250414|JavaScript|[系統專案] 系統分析師|"[[[Javascript]]])、資料庫管理等 3 年以上之經驗。
- 溝通與協調技巧：具備良好的溝通和協調能力，能夠促成公司、客戶、團隊成員的開發目標與需求整合。
- 服務熱忱：能有效聆聽客戶需求，並主動整合團隊開發能量，達成客戶滿意"|人工智能股份有限公司|重陽路273號9樓|https:////www.104.com.tw/job/8amco?jobsource=n104bank2
JavaScript_20250409|20250409|JavaScript|H5 遊戲前端開發工程師|"一款遊戲引擎達一年以上。
- 熟悉 [[[JavaScript]]]、C#、LUA、TypeScript 其中一款遊戲引擎達語言。
- 熟悉 SVN 版本控制。"|火龍數位科技遊戲有限公司|行善路132號5樓|https:////www.104.com.tw/job/8lj1t?jobsource=n104bank2
JavaScript_20250325|20250325|JavaScript|Web 前端工程師|"【工作內容】
1、負責維護網站與網⾴內容，包括：電腦 Web版⾯、手機畫⾯的產品前端（CSS/JS）。
2、串接既有的前端框架。
3、與UI部門配合網頁製作與開發。

【技術要求】
1、熟悉[[[Javascript]]]/ HTML/ CSS/ flex"|宏韃資訊顧問有限公司||https:////www.104.com.tw/job/7na74?jobsource=n104bank2
JavaScript_20250311|20250311|JavaScript|WEB前端工程師(資訊部)|"1. 網頁前端開發、維護以及優化頁面效能
2. 與後端API串接"|聯邦商業銀行股份有限公司|瑞光路399號|https:////www.104.com.tw/job/7jw3z?jobsource=n104bank2
JavaScript_20250411|20250411|JavaScript|Senior Software Engineer／Senior Programmer 軟體工程師 (.NET)(資深技術顧問 Senior Technical Consultant）|" / Grafana
•  Git / GitLab / Jenkins
•  Hangfire / VueJS / HTML / [[[JavaScript]]] / CSS
•  GKE / AWS

✔︎【待遇與發展】
• 年薪 NT$1,500,000"|Unition_英商優潠科技有限公司台灣分公司||https:////www.104.com.tw/job/8odug?jobsource=n104bank2
JavaScript_20250409|20250409|JavaScript|#5-21 全端軟體工程師 (來面試，現拿$200車資補助)|"任感並且注重細節

所需技能:
C#、Python、[[[JavaScript]]]、SQL


"|卓越動力資訊股份有限公司||https:////www.104.com.tw/job/8l69s?jobsource=n104bank2
JavaScript_20250414|20250414|JavaScript|全端軟體工程師 FullStack software developer_樓宇軟體開發部(台北內湖)|"資格要求：
  -電機工程、資料、資管、資訊工程或相關領域。
  -2年以上前後端開發處理的經驗。
  -同工作內容

工作內容
※前端開發：
  -使用HTML、CSS及[[[JavaScript]]]等技術設計和實現用戶界面。
  -整合前端框架，例如"|台達電子工業股份有限公司 _DELTA ELECTRONICS INC.|瑞光路186號(內湖)|https:////www.104.com.tw/job/86ugh?jobsource=n104bank2
JavaScript_20250414|20250414|JavaScript|Front-End Engineer 前端工程師|"及系統整合優化。
2.  與其他部門共同討論系統架構，並提出解決方案。
3.  定期針對用戶端效能、安全性進行分析並優化。
4.  完成主管交辦任務。

【基本】
1.  熟悉HTML5、CSS3、[[[JavaScript]]]、TypeScript 等技術"|辰銘資訊有限公司|瑞光路(臨近港墘捷運站)|https:////www.104.com.tw/job/839o4?jobsource=n104bank2
JavaScript_20250408|20250408|JavaScript|全端開發工程師|"1.協助機器人程式控制系統API的設計與開發。
2.參與開發機器人程式控制系統的前後台畫面與功能。
3.與資深工程師及韌體、硬體工程師合作，參與系統整合。
4.協助程式的部署與相關文件的編寫。
5.其他-主管交辦事項。

※依學歷及經歷敘薪
"|台灣智能機器人科技股份有限公司|瑞光路335號9樓|https:////www.104.com.tw/job/7x0l5?jobsource=n104bank2
JavaScript_20250408|20250408|JavaScript|資訊系統開發工程師(總公司)|"1.對應其他部門專案需求，產出系統需求文件。
2.需參與系統程式開發、對應系統操作問題及異常排除。
  (1)程式碼撰寫、系統測試、上線與維運階段的問題回應與處理。
  (2)具備HTML、[[[Javascript]]]、AJAX...等網頁開發經驗（具"|新光三越百貨股份有限公司|松高路19號7~9樓|https:////www.104.com.tw/job/8nqcl?jobsource=n104bank2
JavaScript_20250411|20250411|JavaScript|Web前端工程師|"• 會使用AI.
• 熟悉Vue.js 
• 會用任一前端框架 ( 如 [[[javascript]]]、Vue.js、CSS、HTML、jQuery、 
   bootstrap .. 等 )。
• 具有整合 [[[javascript]]] ( 或 jQuery )"|乒乓話網股份有限公司|信義路五段5號6D-07|https:////www.104.com.tw/job/3u7o1?jobsource=n104bank2
JavaScript_20250408|20250408|JavaScript|Frontend Engineer|" RWD 的實務開發經驗
・熟悉原生 [[[JavaScript]]] 及相關網頁技術
・有 API 串接實務經驗
・清楚跨瀏覽器或跨裝置兼容性可能會碰到的問題
・具備 Git 或其他版本控制系統經驗
・具備網頁應用的安全性知識

【加分條件】
・單元測試及"|Pinkoi_香港商果翼科技股份有限公司台灣分公司|承德路三段 285 之 2 號|https:////www.104.com.tw/job/8mc7w?jobsource=n104bank2
JavaScript_20250414|20250414|JavaScript|Java PG|"壽險業:

1. 近3年Java開發經驗，且至少一個專案參與超過6個月。
2.對外系統熟悉:Java、spring boot、vue
    屬官網分支網頁開發,如投保活動頁面網站開發
3.對內系統熟悉:Java、[[[Javascript]]]、JSP、"|汎神國際有限公司||https:////www.104.com.tw/job/8dlae?jobsource=n104bank2
JavaScript_20250414|20250414|JavaScript|前端開發工程師|"我們想找一位專注開發於遊戲管理後台的前端開發工程師。

1。使用React.js和JavaScript進行前端開發，具備至少3年以上相關經驗。
2。開發和維護網站前後管理後台系統。
3。設計和開發玩家管理系統，包括查詢、封鎖和修改玩家資料。
4。使用WebSocket即時監控遊戲數據，如玩家在線狀況和交易數據。
5。建立數據儀表板（Dashboard），使用Chart.js / Recharts進行遊戲數據視覺化。
6。與後端團隊合作，整合RESTful API / GraphQL，確保數據的準確性和一致性。
7。實作權限管理，確保不同管理員擁有適當的存取權限。
8。使用Git進行版本控制，具備相關經驗。
"|薩摩亞商創威有限公司|洲子街|https:////www.104.com.tw/job/8o5ng?jobsource=hotjob_chr
JavaScript_20250414|20250414|JavaScript|【資訊科技】前端工程師|"1.負責前端程式開發，優化前端畫面與功能設計
2.與UI/UX設計師，後端工程師共同協作，開發使用者介面
3.串接Web API進行資料介接與整合
4.獨立完成專案開發
5.團隊合作大型專案，促進跨部門溝通完成專案目標"|富邦人壽保險股份有限公司(總公司)|東興路71號|https:////www.104.com.tw/job/83ye1?jobsource=hotjob_chr
JavaScript_20250411|20250411|JavaScript|853 外商電腦製造 - Software Engineer (數名) - Automation, DevOps, Data Engineer, Frontend|"

* 開發經驗: 3+ years 為佳
* 工作內容:  Automation 自動化測試開發
* 擅長技能: Python + [[[Javascript]]]   (必要),  具備 react.js, Node.js 經驗為佳

==========="|經緯智庫股份有限公司 (MGR Consulting Co., Ltd.)||https:////www.104.com.tw/job/8nwn1?jobsource=n104bank2
JavaScript_20250407|20250407|JavaScript|網頁 UI 設計師|"方便後續開發與維護

【前端技術與互動設計】
● 了解 [[[JavaScript]]] 或 jQuery widget，能開發互動式使用者介面
● 製作兼具美感、易用性的 Mockup 與動態 Prototype，提升產品互動體驗
● 設計並製作"|鎧應科技股份有限公司|中山北路三段57號3樓|https:////www.104.com.tw/job/8deqs?jobsource=n104bank2
JavaScript_20241119|20241119|JavaScript|全端工程師|"1. AI 應用整合開發。
2. 網路資訊平台設計與維護。"|PAPAGO＿ 研勤科技股份有限公司|港墘路200號4樓|https:////www.104.com.tw/job/6c883?jobsource=n104bank2
JavaScript_20250407|20250407|JavaScript|Software Development Engineer II（Front-End） 前端工程師|" with at least two commercial projects using React
 - Essential experience in HTML5, CSS3
 - [[[JavaScript]]] and TypeScript,"|Zerologix_零輯台灣科技股份有限公司|瑞光路333號9樓|https:////www.104.com.tw/job/8ckdw?jobsource=n104bank2
JavaScript_20250411|20250411|JavaScript|Web(前端)開發工程師-1XU12R|"1. Web 前端系統開發及儀表板設計
2. 參與需求分析、架構設計規劃
3. Web前端程式規格、開發文件、使用手冊、測試文件等之撰寫
4. 協助Web前端程式測試
"|智慧資安科技股份有限公司|基湖路35巷13號8F|https:////www.104.com.tw/job/7wov3?jobsource=n104bank2
JavaScript_20250408|20250408|JavaScript|前端工程師 Vue|"☑️ 具備3年以上前端Vue開發經驗
☑️ 熟悉HTML、CSS、[[[JavaScript]]]
☑️ 熟悉版控工具Git使用方式
☑️ 具備串接API經驗、切版能力"|翰霖科技資訊股份有限公司||https:////www.104.com.tw/job/6ryda?jobsource=n104bank2
JavaScript_20241230|20241230|JavaScript|React開發|"職位要求：
1. 至少3年以上從事金融或數位科技相關產業前端工程師職務經驗。 
2. 具備前端框架經驗（React 佳），並熟悉其生態系。 
3. 熟悉 [[[JavaScript]]] / ES6+ / Typescript 語法特性。 
4. 熟悉"|加林軟體科技有限公司|衡陽路51號11樓|https:////www.104.com.tw/job/87uag?jobsource=n104bank2
JavaScript_20250410|20250410|JavaScript|JAVA程式設計師-AP1|"應用程式開發、網站維護、系統分析設計
"|探網科技股份有限公司|杭州南路一段23號11樓之3|https:////www.104.com.tw/job/4dzel?jobsource=n104bank2
JavaScript_20250304|20250304|JavaScript|UIUX設計/網頁/平面設計|"1.掌控專案美術風格下的整體UI規畫與設計基調
2.熟悉手機或網頁美術設計製作(App產品功能開發與優化)
3.擅長 HTML 與 CSS、Bootstrap 熟悉 [[[Javascript]]] (jQuery)
4.會使用 photoshop or"|商智資訊股份有限公司|復興南路二段363號3樓|https:////www.104.com.tw/job/77ic8?jobsource=n104bank2
JavaScript_20250407|20250407|JavaScript|Vue Frontend Developer 前端工程師|" [[[JavaScript]]] 物件導向的開發原理，精通 ES5/6/7 語法
3. 精通 Vue3 前端開發框架，掌握 Vue3 生態系，能靈活運用 Tailwind CSS、UNO CSS、Windi CSS 中的一種 UI 套件
4. 具備跨瀏覽器、各"|電碼科技有限公司||https:////www.104.com.tw/job/86i0x?jobsource=n104bank2
JavaScript_20250414|20250414|JavaScript|網頁規劃設計師|"1.擅長網頁前端UI/UX開發
2.協同後端工程師與外部廠商協作完成網頁架構
3.網頁視覺編排設計以及網頁相關美術設計
4.網頁製作與上架"|美商嘉康利股份有限公司台灣分公司|建國北路一段90號11樓(捷運松江南京站步行10分鐘)|https:////www.104.com.tw/job/8l05m?jobsource=n104bank2
JavaScript_20250213|20250213|JavaScript|網站後端工程師/Web Developer|"1. 參與整個應用程式的生命周期，專注於編碼和除錯
2. 開發功能性網頁應用程式
3. 進行疑難排解和除錯應用程式
4. 進行UI測試，優化性能
5. 與前端開發人員合作，將用戶界面元素與伺服器端邏輯整合
6. 收集並解決技術和設計需求
7. 建立可重複使用的代碼和程式庫
8. 其他主管交辦事項
"|DIGITIMES INC._大椽股份有限公司|民生東路四段133號12樓|https:////www.104.com.tw/job/7zc89?jobsource=n104bank2
JavaScript_20250407|20250407|JavaScript|QA軟體測試工程師|" 管理系統。
2. 了解任一自動化測試工具(如Selenium)。
3. 具備基礎程式能力(Python/Java/[[[JavaScript]]])。
4. 手機App測試經驗。"|博斯資訊安全股份有限公司|忠孝東路一段152號3樓|https:////www.104.com.tw/job/87oqk?jobsource=n104bank2
JavaScript_20250409|20250409|JavaScript|【2025年研發替代役】全端程式設計師|"源】
中租每年度為開發人員規劃完善且彈性化的技術實作及產業知識訓練課程，有效協助同仁逐步累積職能提升與實作成果，歡迎對技術與嚴謹開發規範有追求的夥伴加入我們。

【其他需求】
- 熟悉TypeScript、[[[JavaScript]]]、Azure等技術者尤"|中租控股_中租迪和股份有限公司|瑞光路362號|https:////www.104.com.tw/job/7u9z1?jobsource=n104bank2
JavaScript_20250408|20250408|JavaScript|前端影像設計師|"【工作內容】
⊙場景設計：運用3D繪圖軟體並根據客戶的需求進行實景建置。
⊙網頁互動：3D模型渲染並使用[[[Javascript]]] 進行互動。

1.  具備良好的3D美術基礎能力。
2.  了解3D建模佈線技巧，能將模型細節最佳化。
3.  熟悉任一"|福能股份有限公司|民生東路四段54號9樓901室|https:////www.104.com.tw/job/8nptr?jobsource=n104bank2
JavaScript_20250325|20250325|JavaScript|Front-End intern|"Responsibility &amp; Qualification 
1. Proficiency in HTML, CSS, and [[[JavaScript]]]: Have a deep understanding of HTML, CSS, and"|美商昇迪凡科技術有限公司台灣分公司|南港軟體園區|https:////www.104.com.tw/job/8ckca?jobsource=n104bank2
JavaScript_20250401|20250401|JavaScript|◎視覺設計師 / 網頁設計|"網站UI&amp;UX、RWD網頁設計、App設計

客戶溝通設計方向、頁面設計、與前端工程師合作

【基本技術】

熟悉HTML5，CSS3，[[[JavaScript]]]基本能力

熟悉RWD、瀏覽器兼容性調整

懂得SEO配置

需提供個人網站或線上作品集"|積木媒體行銷股份有限公司|(依照公司規定分派)|https:////www.104.com.tw/job/8kvr2?jobsource=n104bank2
JavaScript_20250408|20250408|JavaScript|Sr. FE Engineer 資深前端工程師(React)|"CSS/SASS、RWD
3. 精通[[[Javascript]]](ES6+)、熟悉Typescript
4. 精通Git版本控管
5. 熟悉RESTful API規範
6. 精通 React
7. 精通跨瀏覽器和裝置的開發除錯
8. 溝通理解能⼒佳、積極主動"|創樂科技有限公司|陽光街300號|https:////www.104.com.tw/job/8mgox?jobsource=n104bank2
JavaScript_20250412|20250412|JavaScript|BIM整合服務事業部丨BIM技術開發工程師/經理|"【職位概述】
我們執行的專案橫跨建築物全生命週期，協助客戶將 BIM落實到各階段的應用。透過建築營建專業知識、 BIM及資通訊科技的整合，發揮從 BIM到 BIM+強大的價值。

在這波營建及建築設計產業的數位轉型浪潮下，我們正在找尋優秀的技術開發人才加入團隊，如果你對應用新技術工具改善既有專案流程及創造新價值有興趣，這份工作將為你帶來成就感和增加職涯廣度，我們致力並期許未來你能站在 AEC產業及資通訊產業的交匯點，成為加速產業數位轉型的重要人才。

更多BIM整合服務事業部介紹，請見 https://bit.ly/30C4FgY


【工作職責】
▲進行BIM最新資通訊應用技術的研究，評估技術整合至現有和未來的專案
▲與團隊及客戶合作分析並解決專案上軟硬體技術問題，確保專案交付品質
▲因應內部工作流程優化和客戶需求，開發或導入現有BIM自動化工具
▲管理和更新現有的BIM自動化工具，確保穩定性和可擴展性

"|若水國際股份有限公司|羅斯福路二段2號|https:////www.104.com.tw/job/8cnls?jobsource=n104bank2
JavaScript_20250409|20250409|JavaScript|Full-Stack Web Developer|"開發 Puffin 雲運算平台相關的各種網頁程式。

"|美商海鸚科技股份有限公司台灣分公司|襄陽路9號21樓|https:////www.104.com.tw/job/7m3cn?jobsource=n104bank2
